ClusterMolecules10/13655.sdf,ClusterMolecules10/13659.sdf
ClusterMolecules10/13659.sdf,ClusterMolecules10/13655.sdf
ClusterMolecules10/13655.sdf,ClusterMolecules10/13384.sdf
ClusterMolecules10/13384.sdf,ClusterMolecules10/13655.sdf
ClusterMolecules10/13655.sdf,ClusterMolecules10/13385.sdf
ClusterMolecules10/13385.sdf,ClusterMolecules10/13655.sdf
ClusterMolecules10/13655.sdf,ClusterMolecules10/13209.sdf
ClusterMolecules10/13209.sdf,ClusterMolecules10/13655.sdf
ClusterMolecules10/13655.sdf,ClusterMolecules10/16722.sdf
ClusterMolecules10/16722.sdf,ClusterMolecules10/13655.sdf
ClusterMolecules10/13655.sdf,ClusterMolecules10/13664.sdf
ClusterMolecules10/13664.sdf,ClusterMolecules10/13655.sdf
ClusterMolecules10/13655.sdf,ClusterMolecules10/13654.sdf
ClusterMolecules10/13654.sdf,ClusterMolecules10/13655.sdf
ClusterMolecules10/13655.sdf,ClusterMolecules10/13210.sdf
ClusterMolecules10/13210.sdf,ClusterMolecules10/13655.sdf
ClusterMolecules10/13655.sdf,ClusterMolecules10/13662.sdf
ClusterMolecules10/13662.sdf,ClusterMolecules10/13655.sdf
ClusterMolecules10/13659.sdf,ClusterMolecules10/13384.sdf
ClusterMolecules10/13384.sdf,ClusterMolecules10/13659.sdf
ClusterMolecules10/13659.sdf,ClusterMolecules10/13385.sdf
ClusterMolecules10/13385.sdf,ClusterMolecules10/13659.sdf
ClusterMolecules10/13659.sdf,ClusterMolecules10/13209.sdf
ClusterMolecules10/13209.sdf,ClusterMolecules10/13659.sdf
ClusterMolecules10/13659.sdf,ClusterMolecules10/16722.sdf
ClusterMolecules10/16722.sdf,ClusterMolecules10/13659.sdf
ClusterMolecules10/13659.sdf,ClusterMolecules10/13664.sdf
ClusterMolecules10/13664.sdf,ClusterMolecules10/13659.sdf
ClusterMolecules10/13659.sdf,ClusterMolecules10/13654.sdf
ClusterMolecules10/13654.sdf,ClusterMolecules10/13659.sdf
ClusterMolecules10/13659.sdf,ClusterMolecules10/13210.sdf
ClusterMolecules10/13210.sdf,ClusterMolecules10/13659.sdf
ClusterMolecules10/13659.sdf,ClusterMolecules10/13662.sdf
ClusterMolecules10/13662.sdf,ClusterMolecules10/13659.sdf
ClusterMolecules10/13384.sdf,ClusterMolecules10/13385.sdf
ClusterMolecules10/13385.sdf,ClusterMolecules10/13384.sdf
ClusterMolecules10/13384.sdf,ClusterMolecules10/13209.sdf
ClusterMolecules10/13209.sdf,ClusterMolecules10/13384.sdf
ClusterMolecules10/13384.sdf,ClusterMolecules10/16722.sdf
ClusterMolecules10/16722.sdf,ClusterMolecules10/13384.sdf
ClusterMolecules10/13384.sdf,ClusterMolecules10/13664.sdf
ClusterMolecules10/13664.sdf,ClusterMolecules10/13384.sdf
ClusterMolecules10/13384.sdf,ClusterMolecules10/13654.sdf
ClusterMolecules10/13654.sdf,ClusterMolecules10/13384.sdf
ClusterMolecules10/13384.sdf,ClusterMolecules10/13210.sdf
ClusterMolecules10/13210.sdf,ClusterMolecules10/13384.sdf
ClusterMolecules10/13384.sdf,ClusterMolecules10/13662.sdf
ClusterMolecules10/13662.sdf,ClusterMolecules10/13384.sdf
ClusterMolecules10/13385.sdf,ClusterMolecules10/13209.sdf
ClusterMolecules10/13209.sdf,ClusterMolecules10/13385.sdf
ClusterMolecules10/13385.sdf,ClusterMolecules10/16722.sdf
ClusterMolecules10/16722.sdf,ClusterMolecules10/13385.sdf
ClusterMolecules10/13385.sdf,ClusterMolecules10/13664.sdf
ClusterMolecules10/13664.sdf,ClusterMolecules10/13385.sdf
ClusterMolecules10/13385.sdf,ClusterMolecules10/13654.sdf
ClusterMolecules10/13654.sdf,ClusterMolecules10/13385.sdf
ClusterMolecules10/13385.sdf,ClusterMolecules10/13210.sdf
ClusterMolecules10/13210.sdf,ClusterMolecules10/13385.sdf
ClusterMolecules10/13385.sdf,ClusterMolecules10/13662.sdf
ClusterMolecules10/13662.sdf,ClusterMolecules10/13385.sdf
ClusterMolecules10/13209.sdf,ClusterMolecules10/16722.sdf
ClusterMolecules10/16722.sdf,ClusterMolecules10/13209.sdf
ClusterMolecules10/13209.sdf,ClusterMolecules10/13664.sdf
ClusterMolecules10/13664.sdf,ClusterMolecules10/13209.sdf
ClusterMolecules10/13209.sdf,ClusterMolecules10/13654.sdf
ClusterMolecules10/13654.sdf,ClusterMolecules10/13209.sdf
ClusterMolecules10/13209.sdf,ClusterMolecules10/13210.sdf
ClusterMolecules10/13210.sdf,ClusterMolecules10/13209.sdf
ClusterMolecules10/13209.sdf,ClusterMolecules10/13662.sdf
ClusterMolecules10/13662.sdf,ClusterMolecules10/13209.sdf
ClusterMolecules10/16722.sdf,ClusterMolecules10/13664.sdf
ClusterMolecules10/13664.sdf,ClusterMolecules10/16722.sdf
ClusterMolecules10/16722.sdf,ClusterMolecules10/13654.sdf
ClusterMolecules10/13654.sdf,ClusterMolecules10/16722.sdf
ClusterMolecules10/16722.sdf,ClusterMolecules10/13210.sdf
ClusterMolecules10/13210.sdf,ClusterMolecules10/16722.sdf
ClusterMolecules10/16722.sdf,ClusterMolecules10/13662.sdf
ClusterMolecules10/13662.sdf,ClusterMolecules10/16722.sdf
ClusterMolecules10/13664.sdf,ClusterMolecules10/13654.sdf
ClusterMolecules10/13654.sdf,ClusterMolecules10/13664.sdf
ClusterMolecules10/13664.sdf,ClusterMolecules10/13210.sdf
ClusterMolecules10/13210.sdf,ClusterMolecules10/13664.sdf
ClusterMolecules10/13664.sdf,ClusterMolecules10/13662.sdf
ClusterMolecules10/13662.sdf,ClusterMolecules10/13664.sdf
ClusterMolecules10/13654.sdf,ClusterMolecules10/13210.sdf
ClusterMolecules10/13210.sdf,ClusterMolecules10/13654.sdf
ClusterMolecules10/13654.sdf,ClusterMolecules10/13662.sdf
ClusterMolecules10/13662.sdf,ClusterMolecules10/13654.sdf
ClusterMolecules10/13210.sdf,ClusterMolecules10/13662.sdf
ClusterMolecules10/13662.sdf,ClusterMolecules10/13210.sdf
