input_files_example/ejm_44.sdf,input_files_example/jmc_27.sdf
input_files_example/jmc_27.sdf,input_files_example/ejm_44.sdf
input_files_example/ejm_44.sdf,input_files_example/ejm_54.sdf
input_files_example/ejm_54.sdf,input_files_example/ejm_44.sdf
input_files_example/ejm_44.sdf,input_files_example/ejm_46.sdf
input_files_example/ejm_46.sdf,input_files_example/ejm_44.sdf
input_files_example/ejm_44.sdf,input_files_example/ejm_31.sdf
input_files_example/ejm_31.sdf,input_files_example/ejm_44.sdf
input_files_example/ejm_44.sdf,input_files_example/jmc_28.sdf
input_files_example/jmc_28.sdf,input_files_example/ejm_44.sdf
input_files_example/ejm_44.sdf,input_files_example/ejm_48.sdf
input_files_example/ejm_48.sdf,input_files_example/ejm_44.sdf
input_files_example/ejm_44.sdf,input_files_example/jmc_23.sdf
input_files_example/jmc_23.sdf,input_files_example/ejm_44.sdf
input_files_example/ejm_44.sdf,input_files_example/ejm_50.sdf
input_files_example/ejm_50.sdf,input_files_example/ejm_44.sdf
input_files_example/ejm_44.sdf,input_files_example/jmc_30.sdf
input_files_example/jmc_30.sdf,input_files_example/ejm_44.sdf
input_files_example/ejm_44.sdf,input_files_example/ejm_55.sdf
input_files_example/ejm_55.sdf,input_files_example/ejm_44.sdf
input_files_example/ejm_44.sdf,input_files_example/ejm_43.sdf
input_files_example/ejm_43.sdf,input_files_example/ejm_44.sdf
input_files_example/ejm_44.sdf,input_files_example/ejm_49.sdf
input_files_example/ejm_49.sdf,input_files_example/ejm_44.sdf
input_files_example/ejm_44.sdf,input_files_example/ejm_42.sdf
input_files_example/ejm_42.sdf,input_files_example/ejm_44.sdf
input_files_example/ejm_44.sdf,input_files_example/ejm_45.sdf
input_files_example/ejm_45.sdf,input_files_example/ejm_44.sdf
input_files_example/ejm_44.sdf,input_files_example/ejm_47.sdf
input_files_example/ejm_47.sdf,input_files_example/ejm_44.sdf
input_files_example/jmc_27.sdf,input_files_example/ejm_54.sdf
input_files_example/ejm_54.sdf,input_files_example/jmc_27.sdf
input_files_example/jmc_27.sdf,input_files_example/ejm_46.sdf
input_files_example/ejm_46.sdf,input_files_example/jmc_27.sdf
input_files_example/jmc_27.sdf,input_files_example/ejm_31.sdf
input_files_example/ejm_31.sdf,input_files_example/jmc_27.sdf
input_files_example/jmc_27.sdf,input_files_example/jmc_28.sdf
input_files_example/jmc_28.sdf,input_files_example/jmc_27.sdf
input_files_example/jmc_27.sdf,input_files_example/ejm_48.sdf
input_files_example/ejm_48.sdf,input_files_example/jmc_27.sdf
input_files_example/jmc_27.sdf,input_files_example/jmc_23.sdf
input_files_example/jmc_23.sdf,input_files_example/jmc_27.sdf
input_files_example/jmc_27.sdf,input_files_example/ejm_50.sdf
input_files_example/ejm_50.sdf,input_files_example/jmc_27.sdf
input_files_example/jmc_27.sdf,input_files_example/jmc_30.sdf
input_files_example/jmc_30.sdf,input_files_example/jmc_27.sdf
input_files_example/jmc_27.sdf,input_files_example/ejm_55.sdf
input_files_example/ejm_55.sdf,input_files_example/jmc_27.sdf
input_files_example/jmc_27.sdf,input_files_example/ejm_43.sdf
input_files_example/ejm_43.sdf,input_files_example/jmc_27.sdf
input_files_example/jmc_27.sdf,input_files_example/ejm_49.sdf
input_files_example/ejm_49.sdf,input_files_example/jmc_27.sdf
input_files_example/jmc_27.sdf,input_files_example/ejm_42.sdf
input_files_example/ejm_42.sdf,input_files_example/jmc_27.sdf
input_files_example/jmc_27.sdf,input_files_example/ejm_45.sdf
input_files_example/ejm_45.sdf,input_files_example/jmc_27.sdf
input_files_example/jmc_27.sdf,input_files_example/ejm_47.sdf
input_files_example/ejm_47.sdf,input_files_example/jmc_27.sdf
input_files_example/ejm_54.sdf,input_files_example/ejm_46.sdf
input_files_example/ejm_46.sdf,input_files_example/ejm_54.sdf
input_files_example/ejm_54.sdf,input_files_example/ejm_31.sdf
input_files_example/ejm_31.sdf,input_files_example/ejm_54.sdf
input_files_example/ejm_54.sdf,input_files_example/jmc_28.sdf
input_files_example/jmc_28.sdf,input_files_example/ejm_54.sdf
input_files_example/ejm_54.sdf,input_files_example/ejm_48.sdf
input_files_example/ejm_48.sdf,input_files_example/ejm_54.sdf
input_files_example/ejm_54.sdf,input_files_example/jmc_23.sdf
input_files_example/jmc_23.sdf,input_files_example/ejm_54.sdf
input_files_example/ejm_54.sdf,input_files_example/ejm_50.sdf
input_files_example/ejm_50.sdf,input_files_example/ejm_54.sdf
input_files_example/ejm_54.sdf,input_files_example/jmc_30.sdf
input_files_example/jmc_30.sdf,input_files_example/ejm_54.sdf
input_files_example/ejm_54.sdf,input_files_example/ejm_55.sdf
input_files_example/ejm_55.sdf,input_files_example/ejm_54.sdf
input_files_example/ejm_54.sdf,input_files_example/ejm_43.sdf
input_files_example/ejm_43.sdf,input_files_example/ejm_54.sdf
input_files_example/ejm_54.sdf,input_files_example/ejm_49.sdf
input_files_example/ejm_49.sdf,input_files_example/ejm_54.sdf
input_files_example/ejm_54.sdf,input_files_example/ejm_42.sdf
input_files_example/ejm_42.sdf,input_files_example/ejm_54.sdf
input_files_example/ejm_54.sdf,input_files_example/ejm_45.sdf
input_files_example/ejm_45.sdf,input_files_example/ejm_54.sdf
input_files_example/ejm_54.sdf,input_files_example/ejm_47.sdf
input_files_example/ejm_47.sdf,input_files_example/ejm_54.sdf
input_files_example/ejm_46.sdf,input_files_example/ejm_31.sdf
input_files_example/ejm_31.sdf,input_files_example/ejm_46.sdf
input_files_example/ejm_46.sdf,input_files_example/jmc_28.sdf
input_files_example/jmc_28.sdf,input_files_example/ejm_46.sdf
input_files_example/ejm_46.sdf,input_files_example/ejm_48.sdf
input_files_example/ejm_48.sdf,input_files_example/ejm_46.sdf
input_files_example/ejm_46.sdf,input_files_example/jmc_23.sdf
input_files_example/jmc_23.sdf,input_files_example/ejm_46.sdf
input_files_example/ejm_46.sdf,input_files_example/ejm_50.sdf
input_files_example/ejm_50.sdf,input_files_example/ejm_46.sdf
input_files_example/ejm_46.sdf,input_files_example/jmc_30.sdf
input_files_example/jmc_30.sdf,input_files_example/ejm_46.sdf
input_files_example/ejm_46.sdf,input_files_example/ejm_55.sdf
input_files_example/ejm_55.sdf,input_files_example/ejm_46.sdf
input_files_example/ejm_46.sdf,input_files_example/ejm_43.sdf
input_files_example/ejm_43.sdf,input_files_example/ejm_46.sdf
input_files_example/ejm_46.sdf,input_files_example/ejm_49.sdf
input_files_example/ejm_49.sdf,input_files_example/ejm_46.sdf
input_files_example/ejm_46.sdf,input_files_example/ejm_42.sdf
input_files_example/ejm_42.sdf,input_files_example/ejm_46.sdf
input_files_example/ejm_46.sdf,input_files_example/ejm_45.sdf
input_files_example/ejm_45.sdf,input_files_example/ejm_46.sdf
input_files_example/ejm_46.sdf,input_files_example/ejm_47.sdf
input_files_example/ejm_47.sdf,input_files_example/ejm_46.sdf
input_files_example/ejm_31.sdf,input_files_example/jmc_28.sdf
input_files_example/jmc_28.sdf,input_files_example/ejm_31.sdf
input_files_example/ejm_31.sdf,input_files_example/ejm_48.sdf
input_files_example/ejm_48.sdf,input_files_example/ejm_31.sdf
input_files_example/ejm_31.sdf,input_files_example/jmc_23.sdf
input_files_example/jmc_23.sdf,input_files_example/ejm_31.sdf
input_files_example/ejm_31.sdf,input_files_example/ejm_50.sdf
input_files_example/ejm_50.sdf,input_files_example/ejm_31.sdf
input_files_example/ejm_31.sdf,input_files_example/jmc_30.sdf
input_files_example/jmc_30.sdf,input_files_example/ejm_31.sdf
input_files_example/ejm_31.sdf,input_files_example/ejm_55.sdf
input_files_example/ejm_55.sdf,input_files_example/ejm_31.sdf
input_files_example/ejm_31.sdf,input_files_example/ejm_43.sdf
input_files_example/ejm_43.sdf,input_files_example/ejm_31.sdf
input_files_example/ejm_31.sdf,input_files_example/ejm_49.sdf
input_files_example/ejm_49.sdf,input_files_example/ejm_31.sdf
input_files_example/ejm_31.sdf,input_files_example/ejm_42.sdf
input_files_example/ejm_42.sdf,input_files_example/ejm_31.sdf
input_files_example/ejm_31.sdf,input_files_example/ejm_45.sdf
input_files_example/ejm_45.sdf,input_files_example/ejm_31.sdf
input_files_example/ejm_31.sdf,input_files_example/ejm_47.sdf
input_files_example/ejm_47.sdf,input_files_example/ejm_31.sdf
input_files_example/jmc_28.sdf,input_files_example/ejm_48.sdf
input_files_example/ejm_48.sdf,input_files_example/jmc_28.sdf
input_files_example/jmc_28.sdf,input_files_example/jmc_23.sdf
input_files_example/jmc_23.sdf,input_files_example/jmc_28.sdf
input_files_example/jmc_28.sdf,input_files_example/ejm_50.sdf
input_files_example/ejm_50.sdf,input_files_example/jmc_28.sdf
input_files_example/jmc_28.sdf,input_files_example/jmc_30.sdf
input_files_example/jmc_30.sdf,input_files_example/jmc_28.sdf
input_files_example/jmc_28.sdf,input_files_example/ejm_55.sdf
input_files_example/ejm_55.sdf,input_files_example/jmc_28.sdf
input_files_example/jmc_28.sdf,input_files_example/ejm_43.sdf
input_files_example/ejm_43.sdf,input_files_example/jmc_28.sdf
input_files_example/jmc_28.sdf,input_files_example/ejm_49.sdf
input_files_example/ejm_49.sdf,input_files_example/jmc_28.sdf
input_files_example/jmc_28.sdf,input_files_example/ejm_42.sdf
input_files_example/ejm_42.sdf,input_files_example/jmc_28.sdf
input_files_example/jmc_28.sdf,input_files_example/ejm_45.sdf
input_files_example/ejm_45.sdf,input_files_example/jmc_28.sdf
input_files_example/jmc_28.sdf,input_files_example/ejm_47.sdf
input_files_example/ejm_47.sdf,input_files_example/jmc_28.sdf
input_files_example/ejm_48.sdf,input_files_example/jmc_23.sdf
input_files_example/jmc_23.sdf,input_files_example/ejm_48.sdf
input_files_example/ejm_48.sdf,input_files_example/ejm_50.sdf
input_files_example/ejm_50.sdf,input_files_example/ejm_48.sdf
input_files_example/ejm_48.sdf,input_files_example/jmc_30.sdf
input_files_example/jmc_30.sdf,input_files_example/ejm_48.sdf
input_files_example/ejm_48.sdf,input_files_example/ejm_55.sdf
input_files_example/ejm_55.sdf,input_files_example/ejm_48.sdf
input_files_example/ejm_48.sdf,input_files_example/ejm_43.sdf
input_files_example/ejm_43.sdf,input_files_example/ejm_48.sdf
input_files_example/ejm_48.sdf,input_files_example/ejm_49.sdf
input_files_example/ejm_49.sdf,input_files_example/ejm_48.sdf
input_files_example/ejm_48.sdf,input_files_example/ejm_42.sdf
input_files_example/ejm_42.sdf,input_files_example/ejm_48.sdf
input_files_example/ejm_48.sdf,input_files_example/ejm_45.sdf
input_files_example/ejm_45.sdf,input_files_example/ejm_48.sdf
input_files_example/ejm_48.sdf,input_files_example/ejm_47.sdf
input_files_example/ejm_47.sdf,input_files_example/ejm_48.sdf
input_files_example/jmc_23.sdf,input_files_example/ejm_50.sdf
input_files_example/ejm_50.sdf,input_files_example/jmc_23.sdf
input_files_example/jmc_23.sdf,input_files_example/jmc_30.sdf
input_files_example/jmc_30.sdf,input_files_example/jmc_23.sdf
input_files_example/jmc_23.sdf,input_files_example/ejm_55.sdf
input_files_example/ejm_55.sdf,input_files_example/jmc_23.sdf
input_files_example/jmc_23.sdf,input_files_example/ejm_43.sdf
input_files_example/ejm_43.sdf,input_files_example/jmc_23.sdf
input_files_example/jmc_23.sdf,input_files_example/ejm_49.sdf
input_files_example/ejm_49.sdf,input_files_example/jmc_23.sdf
input_files_example/jmc_23.sdf,input_files_example/ejm_42.sdf
input_files_example/ejm_42.sdf,input_files_example/jmc_23.sdf
input_files_example/jmc_23.sdf,input_files_example/ejm_45.sdf
input_files_example/ejm_45.sdf,input_files_example/jmc_23.sdf
input_files_example/jmc_23.sdf,input_files_example/ejm_47.sdf
input_files_example/ejm_47.sdf,input_files_example/jmc_23.sdf
input_files_example/ejm_50.sdf,input_files_example/jmc_30.sdf
input_files_example/jmc_30.sdf,input_files_example/ejm_50.sdf
input_files_example/ejm_50.sdf,input_files_example/ejm_55.sdf
input_files_example/ejm_55.sdf,input_files_example/ejm_50.sdf
input_files_example/ejm_50.sdf,input_files_example/ejm_43.sdf
input_files_example/ejm_43.sdf,input_files_example/ejm_50.sdf
input_files_example/ejm_50.sdf,input_files_example/ejm_49.sdf
input_files_example/ejm_49.sdf,input_files_example/ejm_50.sdf
input_files_example/ejm_50.sdf,input_files_example/ejm_42.sdf
input_files_example/ejm_42.sdf,input_files_example/ejm_50.sdf
input_files_example/ejm_50.sdf,input_files_example/ejm_45.sdf
input_files_example/ejm_45.sdf,input_files_example/ejm_50.sdf
input_files_example/ejm_50.sdf,input_files_example/ejm_47.sdf
input_files_example/ejm_47.sdf,input_files_example/ejm_50.sdf
input_files_example/jmc_30.sdf,input_files_example/ejm_55.sdf
input_files_example/ejm_55.sdf,input_files_example/jmc_30.sdf
input_files_example/jmc_30.sdf,input_files_example/ejm_43.sdf
input_files_example/ejm_43.sdf,input_files_example/jmc_30.sdf
input_files_example/jmc_30.sdf,input_files_example/ejm_49.sdf
input_files_example/ejm_49.sdf,input_files_example/jmc_30.sdf
input_files_example/jmc_30.sdf,input_files_example/ejm_42.sdf
input_files_example/ejm_42.sdf,input_files_example/jmc_30.sdf
input_files_example/jmc_30.sdf,input_files_example/ejm_45.sdf
input_files_example/ejm_45.sdf,input_files_example/jmc_30.sdf
input_files_example/jmc_30.sdf,input_files_example/ejm_47.sdf
input_files_example/ejm_47.sdf,input_files_example/jmc_30.sdf
input_files_example/ejm_55.sdf,input_files_example/ejm_43.sdf
input_files_example/ejm_43.sdf,input_files_example/ejm_55.sdf
input_files_example/ejm_55.sdf,input_files_example/ejm_49.sdf
input_files_example/ejm_49.sdf,input_files_example/ejm_55.sdf
input_files_example/ejm_55.sdf,input_files_example/ejm_42.sdf
input_files_example/ejm_42.sdf,input_files_example/ejm_55.sdf
input_files_example/ejm_55.sdf,input_files_example/ejm_45.sdf
input_files_example/ejm_45.sdf,input_files_example/ejm_55.sdf
input_files_example/ejm_55.sdf,input_files_example/ejm_47.sdf
input_files_example/ejm_47.sdf,input_files_example/ejm_55.sdf
input_files_example/ejm_43.sdf,input_files_example/ejm_49.sdf
input_files_example/ejm_49.sdf,input_files_example/ejm_43.sdf
input_files_example/ejm_43.sdf,input_files_example/ejm_42.sdf
input_files_example/ejm_42.sdf,input_files_example/ejm_43.sdf
input_files_example/ejm_43.sdf,input_files_example/ejm_45.sdf
input_files_example/ejm_45.sdf,input_files_example/ejm_43.sdf
input_files_example/ejm_43.sdf,input_files_example/ejm_47.sdf
input_files_example/ejm_47.sdf,input_files_example/ejm_43.sdf
input_files_example/ejm_49.sdf,input_files_example/ejm_42.sdf
input_files_example/ejm_42.sdf,input_files_example/ejm_49.sdf
input_files_example/ejm_49.sdf,input_files_example/ejm_45.sdf
input_files_example/ejm_45.sdf,input_files_example/ejm_49.sdf
input_files_example/ejm_49.sdf,input_files_example/ejm_47.sdf
input_files_example/ejm_47.sdf,input_files_example/ejm_49.sdf
input_files_example/ejm_42.sdf,input_files_example/ejm_45.sdf
input_files_example/ejm_45.sdf,input_files_example/ejm_42.sdf
input_files_example/ejm_42.sdf,input_files_example/ejm_47.sdf
input_files_example/ejm_47.sdf,input_files_example/ejm_42.sdf
input_files_example/ejm_45.sdf,input_files_example/ejm_47.sdf
input_files_example/ejm_47.sdf,input_files_example/ejm_45.sdf
