lig_1_path,lig_2_path,lig_1_smiles,lig_2_smiles,lig_1_benzene_deriv,lig_2_benzene_deriv,sf_prediction
processed_cluster/10920.sdf,processed_cluster/14366.sdf,CC(C)(C)c1ccc(N(C(=O)c2ccco2)C(C(=O)NCCc2cccc(F)c2)c2cccnc2)cc1,CC(C)(C)c1ccc(N(C(=O)c2ncco2)C(C(=O)NCCc2cccc(F)c2)c2cccnc2)cc1,c1ccccc1,c1ccccc1,0.12320723
processed_cluster/14366.sdf,processed_cluster/10920.sdf,CC(C)(C)c1ccc(N(C(=O)c2ncco2)C(C(=O)NCCc2cccc(F)c2)c2cccnc2)cc1,CC(C)(C)c1ccc(N(C(=O)c2ccco2)C(C(=O)NCCc2cccc(F)c2)c2cccnc2)cc1,c1ccccc1,c1ccccc1,0.12320723
processed_cluster/10920.sdf,processed_cluster/14330.sdf,CC(C)(C)c1ccc(N(C(=O)c2ccco2)C(C(=O)NCCc2cccc(F)c2)c2cccnc2)cc1,O=C(NCCc1cccc(F)c1)C(c1cccnc1)N(C(=O)c1ccco1)c1ccc(C2CCCC2)cc1,CC(C)(C)c1ccccc1,c1ccc(C2CCCC2)cc1,0.27071682
processed_cluster/14330.sdf,processed_cluster/10920.sdf,O=C(NCCc1cccc(F)c1)C(c1cccnc1)N(C(=O)c1ccco1)c1ccc(C2CCCC2)cc1,CC(C)(C)c1ccc(N(C(=O)c2ccco2)C(C(=O)NCCc2cccc(F)c2)c2cccnc2)cc1,c1ccc(C2CCCC2)cc1,CC(C)(C)c1ccccc1,0.18395339
processed_cluster/10920.sdf,processed_cluster/15696.sdf,CC(C)(C)c1ccc(N(C(=O)c2ccco2)C(C(=O)NCCc2cccc(F)c2)c2cccnc2)cc1,CC1(c2ccc(N(C(=O)c3ccco3)C(C(=O)NCCc3cccc(F)c3)c3cccnc3)cc2)CC1,CC(C)(C)c1ccccc1,CC1(c2ccccc2)CC1,0.18088827
processed_cluster/15696.sdf,processed_cluster/10920.sdf,CC1(c2ccc(N(C(=O)c3ccco3)C(C(=O)NCCc3cccc(F)c3)c3cccnc3)cc2)CC1,CC(C)(C)c1ccc(N(C(=O)c2ccco2)C(C(=O)NCCc2cccc(F)c2)c2cccnc2)cc1,CC1(c2ccccc2)CC1,CC(C)(C)c1ccccc1,0.15478402
processed_cluster/10920.sdf,processed_cluster/14372.sdf,CC(C)(C)c1ccc(N(C(=O)c2ccco2)C(C(=O)NCCc2cccc(F)c2)c2cccnc2)cc1,CC(C)c1cc(N(C(=O)c2ccco2)C(C(=O)NCCc2cccc(F)c2)c2cccnc2)ccc1C(F)(F)F,c1ccccc1,c1ccccc1,0.12320723
processed_cluster/14372.sdf,processed_cluster/10920.sdf,CC(C)c1cc(N(C(=O)c2ccco2)C(C(=O)NCCc2cccc(F)c2)c2cccnc2)ccc1C(F)(F)F,CC(C)(C)c1ccc(N(C(=O)c2ccco2)C(C(=O)NCCc2cccc(F)c2)c2cccnc2)cc1,c1ccccc1,c1ccccc1,0.12320723
processed_cluster/10920.sdf,processed_cluster/14393.sdf,CC(C)(C)c1ccc(N(C(=O)c2ccco2)C(C(=O)NCCc2cccc(F)c2)c2cccnc2)cc1,N#Cc1ccc(N(C(=O)c2ccco2)C(C(=O)NCCc2cccc(F)c2)c2cccnc2)cc1,CC(C)(C)c1ccccc1,N#Cc1ccccc1,0.13350245
processed_cluster/14393.sdf,processed_cluster/10920.sdf,N#Cc1ccc(N(C(=O)c2ccco2)C(C(=O)NCCc2cccc(F)c2)c2cccnc2)cc1,CC(C)(C)c1ccc(N(C(=O)c2ccco2)C(C(=O)NCCc2cccc(F)c2)c2cccnc2)cc1,N#Cc1ccccc1,CC(C)(C)c1ccccc1,0.15632726
processed_cluster/10920.sdf,processed_cluster/15694.sdf,CC(C)(C)c1ccc(N(C(=O)c2ccco2)C(C(=O)NCCc2cccc(F)c2)c2cccnc2)cc1,CC(C)(C)c1ccc(N(C(=O)c2ccccn2)C(C(=O)NCCc2cccc(F)c2)c2cccnc2)cc1,c1ccccc1,c1ccccc1,0.12320723
processed_cluster/15694.sdf,processed_cluster/10920.sdf,CC(C)(C)c1ccc(N(C(=O)c2ccccn2)C(C(=O)NCCc2cccc(F)c2)c2cccnc2)cc1,CC(C)(C)c1ccc(N(C(=O)c2ccco2)C(C(=O)NCCc2cccc(F)c2)c2cccnc2)cc1,c1ccccc1,c1ccccc1,0.12320723
processed_cluster/10920.sdf,processed_cluster/17334.sdf,CC(C)(C)c1ccc(N(C(=O)c2ccco2)C(C(=O)NCCc2cccc(F)c2)c2cccnc2)cc1,O=C(NCCc1cccc(Cl)c1)C(c1cccnc1)N(C(=O)c1ccco1)c1cccnc1,CC(C)(C)c1ccc(Nc2c(NC(=O)c3ccco3)c(CCc3cccc(F)c3)cc3ccncc23)cc1,O=C(c1ccco1)c1c(Nc2cccnc2)c(CCc2cccc(Cl)c2)cc2cnccc12,0.4121122
processed_cluster/17334.sdf,processed_cluster/10920.sdf,O=C(NCCc1cccc(Cl)c1)C(c1cccnc1)N(C(=O)c1ccco1)c1cccnc1,CC(C)(C)c1ccc(N(C(=O)c2ccco2)C(C(=O)NCCc2cccc(F)c2)c2cccnc2)cc1,O=C(c1ccco1)c1c(Nc2cccnc2)c(CCc2cccc(Cl)c2)cc2ccncc12,CC(C)(C)c1ccc(Nc2c(CCc3cccc(F)c3)cc3cnccc3c2NC(=O)c2ccco2)cc1,0.35280403
processed_cluster/10920.sdf,processed_cluster/14392.sdf,CC(C)(C)c1ccc(N(C(=O)c2ccco2)C(C(=O)NCCc2cccc(F)c2)c2cccnc2)cc1,CC(=O)c1ccc(N(C(=O)c2ccco2)C(C(=O)NCCc2cccc(F)c2)c2cccnc2)cc1,CC(C)c1ccccc1,O=Cc1ccccc1,0.2062518
processed_cluster/14392.sdf,processed_cluster/10920.sdf,CC(=O)c1ccc(N(C(=O)c2ccco2)C(C(=O)NCCc2cccc(F)c2)c2cccnc2)cc1,CC(C)(C)c1ccc(N(C(=O)c2ccco2)C(C(=O)NCCc2cccc(F)c2)c2cccnc2)cc1,O=Cc1ccccc1,CC(C)c1ccccc1,0.19817883
processed_cluster/10920.sdf,processed_cluster/14391.sdf,CC(C)(C)c1ccc(N(C(=O)c2ccco2)C(C(=O)NCCc2cccc(F)c2)c2cccnc2)cc1,COc1ccc(N(C(=O)c2ccco2)C(C(=O)NCCc2cccc(F)c2)c2cccnc2)cc1,CC(C)(C)c1ccccc1,COc1ccccc1,0.1295396
processed_cluster/14391.sdf,processed_cluster/10920.sdf,COc1ccc(N(C(=O)c2ccco2)C(C(=O)NCCc2cccc(F)c2)c2cccnc2)cc1,CC(C)(C)c1ccc(N(C(=O)c2ccco2)C(C(=O)NCCc2cccc(F)c2)c2cccnc2)cc1,COc1ccccc1,CC(C)(C)c1ccccc1,0.114686996
processed_cluster/10920.sdf,processed_cluster/14336.sdf,CC(C)(C)c1ccc(N(C(=O)c2ccco2)C(C(=O)NCCc2cccc(F)c2)c2cccnc2)cc1,CC(C)c1cc(N(C(=O)c2ccco2)C(C(=O)NCCc2cccc(F)c2)c2cccnc2)ccc1C(F)(F)F,c1ccccc1,c1ccccc1,0.12320723
processed_cluster/14336.sdf,processed_cluster/10920.sdf,CC(C)c1cc(N(C(=O)c2ccco2)C(C(=O)NCCc2cccc(F)c2)c2cccnc2)ccc1C(F)(F)F,CC(C)(C)c1ccc(N(C(=O)c2ccco2)C(C(=O)NCCc2cccc(F)c2)c2cccnc2)cc1,c1ccccc1,c1ccccc1,0.12320723
processed_cluster/10920.sdf,processed_cluster/16393.sdf,CC(C)(C)c1ccc(N(C(=O)c2ccco2)C(C(=O)NCCc2cccc(F)c2)c2cccnc2)cc1,CC(C)c1ccc(N(C(=O)c2ccco2)C(C(=O)NCCc2cccc(F)c2)c2cccnc2)cc1,CCc1ccccc1,c1ccccc1,0.12604377
processed_cluster/16393.sdf,processed_cluster/10920.sdf,CC(C)c1ccc(N(C(=O)c2ccco2)C(C(=O)NCCc2cccc(F)c2)c2cccnc2)cc1,CC(C)(C)c1ccc(N(C(=O)c2ccco2)C(C(=O)NCCc2cccc(F)c2)c2cccnc2)cc1,c1ccccc1,CCc1ccccc1,0.14835942
processed_cluster/10920.sdf,processed_cluster/14347.sdf,CC(C)(C)c1ccc(N(C(=O)c2ccco2)C(C(=O)NCCc2cccc(F)c2)c2cccnc2)cc1,COc1ccc(N(C(=O)c2ccco2)C(C(=O)NCCc2cccc(F)c2)c2cccnc2)cc1,CC(C)(C)c1ccccc1,COc1ccccc1,0.1295396
processed_cluster/14347.sdf,processed_cluster/10920.sdf,COc1ccc(N(C(=O)c2ccco2)C(C(=O)NCCc2cccc(F)c2)c2cccnc2)cc1,CC(C)(C)c1ccc(N(C(=O)c2ccco2)C(C(=O)NCCc2cccc(F)c2)c2cccnc2)cc1,COc1ccccc1,CC(C)(C)c1ccccc1,0.114686996
processed_cluster/10920.sdf,processed_cluster/14349.sdf,CC(C)(C)c1ccc(N(C(=O)c2ccco2)C(C(=O)NCCc2cccc(F)c2)c2cccnc2)cc1,N#Cc1ccc(N(C(=O)c2ccco2)C(C(=O)NCCc2cccc(F)c2)c2cccnc2)cc1,CC(C)(C)c1ccccc1,N#Cc1ccccc1,0.13350245
processed_cluster/14349.sdf,processed_cluster/10920.sdf,N#Cc1ccc(N(C(=O)c2ccco2)C(C(=O)NCCc2cccc(F)c2)c2cccnc2)cc1,CC(C)(C)c1ccc(N(C(=O)c2ccco2)C(C(=O)NCCc2cccc(F)c2)c2cccnc2)cc1,N#Cc1ccccc1,CC(C)(C)c1ccccc1,0.15632726
processed_cluster/10920.sdf,processed_cluster/14348.sdf,CC(C)(C)c1ccc(N(C(=O)c2ccco2)C(C(=O)NCCc2cccc(F)c2)c2cccnc2)cc1,CC(=O)c1ccc(N(C(=O)c2ccco2)C(C(=O)NCCc2cccc(F)c2)c2cccnc2)cc1,CC(C)c1ccccc1,O=Cc1ccccc1,0.2062518
processed_cluster/14348.sdf,processed_cluster/10920.sdf,CC(=O)c1ccc(N(C(=O)c2ccco2)C(C(=O)NCCc2cccc(F)c2)c2cccnc2)cc1,CC(C)(C)c1ccc(N(C(=O)c2ccco2)C(C(=O)NCCc2cccc(F)c2)c2cccnc2)cc1,O=Cc1ccccc1,CC(C)c1ccccc1,0.19817883
processed_cluster/10920.sdf,processed_cluster/14359.sdf,CC(C)(C)c1ccc(N(C(=O)c2ccco2)C(C(=O)NCCc2cccc(F)c2)c2cccnc2)cc1,O=C(NCCc1cccc(F)c1)C(c1cccnc1)N(C(=O)c1ccco1)c1ccc(C2CCCC2)cc1,CC(C)(C)c1ccccc1,c1ccc(C2CCCC2)cc1,0.27071682
processed_cluster/14359.sdf,processed_cluster/10920.sdf,O=C(NCCc1cccc(F)c1)C(c1cccnc1)N(C(=O)c1ccco1)c1ccc(C2CCCC2)cc1,CC(C)(C)c1ccc(N(C(=O)c2ccco2)C(C(=O)NCCc2cccc(F)c2)c2cccnc2)cc1,c1ccc(C2CCCC2)cc1,CC(C)(C)c1ccccc1,0.18395339
processed_cluster/10920.sdf,processed_cluster/17333.sdf,CC(C)(C)c1ccc(N(C(=O)c2ccco2)C(C(=O)NCCc2cccc(F)c2)c2cccnc2)cc1,O=C(NCCc1cccc(Cl)c1)C(c1cccnc1)N(C(=O)c1ccco1)c1ccc(Cl)cc1,Cc1(C)(C)ccccc1F,Clc1cccccl1,0.8609359
processed_cluster/17333.sdf,processed_cluster/10920.sdf,O=C(NCCc1cccc(Cl)c1)C(c1cccnc1)N(C(=O)c1ccco1)c1ccc(Cl)cc1,CC(C)(C)c1ccc(N(C(=O)c2ccco2)C(C(=O)NCCc2cccc(F)c2)c2cccnc2)cc1,Clc1cccccl1,Cc1(C)(C)ccccc1F,1.0637878
processed_cluster/10920.sdf,processed_cluster/15697.sdf,CC(C)(C)c1ccc(N(C(=O)c2ccco2)C(C(=O)NCCc2cccc(F)c2)c2cccnc2)cc1,CC(C)(C#N)c1ccc(N(C(=O)c2ccco2)C(C(=O)NCCc2cccc(F)c2)c2cccnc2)cc1,c1ccccc1,N#Cc1ccccc1,0.1461383
processed_cluster/15697.sdf,processed_cluster/10920.sdf,CC(C)(C#N)c1ccc(N(C(=O)c2ccco2)C(C(=O)NCCc2cccc(F)c2)c2cccnc2)cc1,CC(C)(C)c1ccc(N(C(=O)c2ccco2)C(C(=O)NCCc2cccc(F)c2)c2cccnc2)cc1,N#Cc1ccccc1,c1ccccc1,0.14699537
processed_cluster/14366.sdf,processed_cluster/14330.sdf,CC(C)(C)c1ccc(N(C(=O)c2ncco2)C(C(=O)NCCc2cccc(F)c2)c2cccnc2)cc1,O=C(NCCc1cccc(F)c1)C(c1cccnc1)N(C(=O)c1ccco1)c1ccc(C2CCCC2)cc1,c1ccccc1,c1ccccc1,0.12320723
processed_cluster/14330.sdf,processed_cluster/14366.sdf,O=C(NCCc1cccc(F)c1)C(c1cccnc1)N(C(=O)c1ccco1)c1ccc(C2CCCC2)cc1,CC(C)(C)c1ccc(N(C(=O)c2ncco2)C(C(=O)NCCc2cccc(F)c2)c2cccnc2)cc1,c1ccccc1,c1ccccc1,0.12320723
processed_cluster/14366.sdf,processed_cluster/15696.sdf,CC(C)(C)c1ccc(N(C(=O)c2ncco2)C(C(=O)NCCc2cccc(F)c2)c2cccnc2)cc1,CC1(c2ccc(N(C(=O)c3ccco3)C(C(=O)NCCc3cccc(F)c3)c3cccnc3)cc2)CC1,c1ccccc1,c1ccccc1,0.12320723
processed_cluster/15696.sdf,processed_cluster/14366.sdf,CC1(c2ccc(N(C(=O)c3ccco3)C(C(=O)NCCc3cccc(F)c3)c3cccnc3)cc2)CC1,CC(C)(C)c1ccc(N(C(=O)c2ncco2)C(C(=O)NCCc2cccc(F)c2)c2cccnc2)cc1,c1ccccc1,c1ccccc1,0.12320723
processed_cluster/14366.sdf,processed_cluster/14372.sdf,CC(C)(C)c1ccc(N(C(=O)c2ncco2)C(C(=O)NCCc2cccc(F)c2)c2cccnc2)cc1,CC(C)c1cc(N(C(=O)c2ccco2)C(C(=O)NCCc2cccc(F)c2)c2cccnc2)ccc1C(F)(F)F,c1ccccc1,c1ccccc1,0.12320723
processed_cluster/14372.sdf,processed_cluster/14366.sdf,CC(C)c1cc(N(C(=O)c2ccco2)C(C(=O)NCCc2cccc(F)c2)c2cccnc2)ccc1C(F)(F)F,CC(C)(C)c1ccc(N(C(=O)c2ncco2)C(C(=O)NCCc2cccc(F)c2)c2cccnc2)cc1,c1ccccc1,c1ccccc1,0.12320723
processed_cluster/14366.sdf,processed_cluster/14393.sdf,CC(C)(C)c1ccc(N(C(=O)c2ncco2)C(C(=O)NCCc2cccc(F)c2)c2cccnc2)cc1,N#Cc1ccc(N(C(=O)c2ccco2)C(C(=O)NCCc2cccc(F)c2)c2cccnc2)cc1,c1ccccc1,c1ccccc1,0.12320723
processed_cluster/14393.sdf,processed_cluster/14366.sdf,N#Cc1ccc(N(C(=O)c2ccco2)C(C(=O)NCCc2cccc(F)c2)c2cccnc2)cc1,CC(C)(C)c1ccc(N(C(=O)c2ncco2)C(C(=O)NCCc2cccc(F)c2)c2cccnc2)cc1,c1ccccc1,c1ccccc1,0.12320723
processed_cluster/14366.sdf,processed_cluster/15694.sdf,CC(C)(C)c1ccc(N(C(=O)c2ncco2)C(C(=O)NCCc2cccc(F)c2)c2cccnc2)cc1,CC(C)(C)c1ccc(N(C(=O)c2ccccn2)C(C(=O)NCCc2cccc(F)c2)c2cccnc2)cc1,c1ccccc1,c1ccccc1,0.12320723
processed_cluster/15694.sdf,processed_cluster/14366.sdf,CC(C)(C)c1ccc(N(C(=O)c2ccccn2)C(C(=O)NCCc2cccc(F)c2)c2cccnc2)cc1,CC(C)(C)c1ccc(N(C(=O)c2ncco2)C(C(=O)NCCc2cccc(F)c2)c2cccnc2)cc1,c1ccccc1,c1ccccc1,0.12320723
processed_cluster/14366.sdf,processed_cluster/17334.sdf,CC(C)(C)c1ccc(N(C(=O)c2ncco2)C(C(=O)NCCc2cccc(F)c2)c2cccnc2)cc1,O=C(NCCc1cccc(Cl)c1)C(c1cccnc1)N(C(=O)c1ccco1)c1cccnc1,c1ccccc1,c1ccccc1,0.12320723
processed_cluster/17334.sdf,processed_cluster/14366.sdf,O=C(NCCc1cccc(Cl)c1)C(c1cccnc1)N(C(=O)c1ccco1)c1cccnc1,CC(C)(C)c1ccc(N(C(=O)c2ncco2)C(C(=O)NCCc2cccc(F)c2)c2cccnc2)cc1,c1ccccc1,c1ccccc1,0.12320723
processed_cluster/14366.sdf,processed_cluster/14392.sdf,CC(C)(C)c1ccc(N(C(=O)c2ncco2)C(C(=O)NCCc2cccc(F)c2)c2cccnc2)cc1,CC(=O)c1ccc(N(C(=O)c2ccco2)C(C(=O)NCCc2cccc(F)c2)c2cccnc2)cc1,c1ccccc1,c1ccccc1,0.12320723
processed_cluster/14392.sdf,processed_cluster/14366.sdf,CC(=O)c1ccc(N(C(=O)c2ccco2)C(C(=O)NCCc2cccc(F)c2)c2cccnc2)cc1,CC(C)(C)c1ccc(N(C(=O)c2ncco2)C(C(=O)NCCc2cccc(F)c2)c2cccnc2)cc1,c1ccccc1,c1ccccc1,0.12320723
processed_cluster/14366.sdf,processed_cluster/14391.sdf,CC(C)(C)c1ccc(N(C(=O)c2ncco2)C(C(=O)NCCc2cccc(F)c2)c2cccnc2)cc1,COc1ccc(N(C(=O)c2ccco2)C(C(=O)NCCc2cccc(F)c2)c2cccnc2)cc1,c1ccccc1,c1ccccc1,0.12320723
processed_cluster/14391.sdf,processed_cluster/14366.sdf,COc1ccc(N(C(=O)c2ccco2)C(C(=O)NCCc2cccc(F)c2)c2cccnc2)cc1,CC(C)(C)c1ccc(N(C(=O)c2ncco2)C(C(=O)NCCc2cccc(F)c2)c2cccnc2)cc1,c1ccccc1,c1ccccc1,0.12320723
processed_cluster/14366.sdf,processed_cluster/14336.sdf,CC(C)(C)c1ccc(N(C(=O)c2ncco2)C(C(=O)NCCc2cccc(F)c2)c2cccnc2)cc1,CC(C)c1cc(N(C(=O)c2ccco2)C(C(=O)NCCc2cccc(F)c2)c2cccnc2)ccc1C(F)(F)F,c1ccccc1,c1ccccc1,0.12320723
processed_cluster/14336.sdf,processed_cluster/14366.sdf,CC(C)c1cc(N(C(=O)c2ccco2)C(C(=O)NCCc2cccc(F)c2)c2cccnc2)ccc1C(F)(F)F,CC(C)(C)c1ccc(N(C(=O)c2ncco2)C(C(=O)NCCc2cccc(F)c2)c2cccnc2)cc1,c1ccccc1,c1ccccc1,0.12320723
processed_cluster/14366.sdf,processed_cluster/16393.sdf,CC(C)(C)c1ccc(N(C(=O)c2ncco2)C(C(=O)NCCc2cccc(F)c2)c2cccnc2)cc1,CC(C)c1ccc(N(C(=O)c2ccco2)C(C(=O)NCCc2cccc(F)c2)c2cccnc2)cc1,c1ccccc1,c1ccccc1,0.12320723
processed_cluster/16393.sdf,processed_cluster/14366.sdf,CC(C)c1ccc(N(C(=O)c2ccco2)C(C(=O)NCCc2cccc(F)c2)c2cccnc2)cc1,CC(C)(C)c1ccc(N(C(=O)c2ncco2)C(C(=O)NCCc2cccc(F)c2)c2cccnc2)cc1,c1ccccc1,c1ccccc1,0.12320723
processed_cluster/14366.sdf,processed_cluster/14347.sdf,CC(C)(C)c1ccc(N(C(=O)c2ncco2)C(C(=O)NCCc2cccc(F)c2)c2cccnc2)cc1,COc1ccc(N(C(=O)c2ccco2)C(C(=O)NCCc2cccc(F)c2)c2cccnc2)cc1,c1ccccc1,c1ccccc1,0.12320723
processed_cluster/14347.sdf,processed_cluster/14366.sdf,COc1ccc(N(C(=O)c2ccco2)C(C(=O)NCCc2cccc(F)c2)c2cccnc2)cc1,CC(C)(C)c1ccc(N(C(=O)c2ncco2)C(C(=O)NCCc2cccc(F)c2)c2cccnc2)cc1,c1ccccc1,c1ccccc1,0.12320723
processed_cluster/14366.sdf,processed_cluster/14349.sdf,CC(C)(C)c1ccc(N(C(=O)c2ncco2)C(C(=O)NCCc2cccc(F)c2)c2cccnc2)cc1,N#Cc1ccc(N(C(=O)c2ccco2)C(C(=O)NCCc2cccc(F)c2)c2cccnc2)cc1,c1ccccc1,c1ccccc1,0.12320723
processed_cluster/14349.sdf,processed_cluster/14366.sdf,N#Cc1ccc(N(C(=O)c2ccco2)C(C(=O)NCCc2cccc(F)c2)c2cccnc2)cc1,CC(C)(C)c1ccc(N(C(=O)c2ncco2)C(C(=O)NCCc2cccc(F)c2)c2cccnc2)cc1,c1ccccc1,c1ccccc1,0.12320723
processed_cluster/14366.sdf,processed_cluster/14348.sdf,CC(C)(C)c1ccc(N(C(=O)c2ncco2)C(C(=O)NCCc2cccc(F)c2)c2cccnc2)cc1,CC(=O)c1ccc(N(C(=O)c2ccco2)C(C(=O)NCCc2cccc(F)c2)c2cccnc2)cc1,c1ccccc1,c1ccccc1,0.12320723
processed_cluster/14348.sdf,processed_cluster/14366.sdf,CC(=O)c1ccc(N(C(=O)c2ccco2)C(C(=O)NCCc2cccc(F)c2)c2cccnc2)cc1,CC(C)(C)c1ccc(N(C(=O)c2ncco2)C(C(=O)NCCc2cccc(F)c2)c2cccnc2)cc1,c1ccccc1,c1ccccc1,0.12320723
processed_cluster/14366.sdf,processed_cluster/14359.sdf,CC(C)(C)c1ccc(N(C(=O)c2ncco2)C(C(=O)NCCc2cccc(F)c2)c2cccnc2)cc1,O=C(NCCc1cccc(F)c1)C(c1cccnc1)N(C(=O)c1ccco1)c1ccc(C2CCCC2)cc1,c1ccccc1,c1ccccc1,0.12320723
processed_cluster/14359.sdf,processed_cluster/14366.sdf,O=C(NCCc1cccc(F)c1)C(c1cccnc1)N(C(=O)c1ccco1)c1ccc(C2CCCC2)cc1,CC(C)(C)c1ccc(N(C(=O)c2ncco2)C(C(=O)NCCc2cccc(F)c2)c2cccnc2)cc1,c1ccccc1,c1ccccc1,0.12320723
processed_cluster/14366.sdf,processed_cluster/17333.sdf,CC(C)(C)c1ccc(N(C(=O)c2ncco2)C(C(=O)NCCc2cccc(F)c2)c2cccnc2)cc1,O=C(NCCc1cccc(Cl)c1)C(c1cccnc1)N(C(=O)c1ccco1)c1ccc(Cl)cc1,c1ccccc1,c1ccccc1,0.12320723
processed_cluster/17333.sdf,processed_cluster/14366.sdf,O=C(NCCc1cccc(Cl)c1)C(c1cccnc1)N(C(=O)c1ccco1)c1ccc(Cl)cc1,CC(C)(C)c1ccc(N(C(=O)c2ncco2)C(C(=O)NCCc2cccc(F)c2)c2cccnc2)cc1,c1ccccc1,c1ccccc1,0.12320723
processed_cluster/14366.sdf,processed_cluster/15697.sdf,CC(C)(C)c1ccc(N(C(=O)c2ncco2)C(C(=O)NCCc2cccc(F)c2)c2cccnc2)cc1,CC(C)(C#N)c1ccc(N(C(=O)c2ccco2)C(C(=O)NCCc2cccc(F)c2)c2cccnc2)cc1,c1ccccc1,c1ccccc1,0.12320723
processed_cluster/15697.sdf,processed_cluster/14366.sdf,CC(C)(C#N)c1ccc(N(C(=O)c2ccco2)C(C(=O)NCCc2cccc(F)c2)c2cccnc2)cc1,CC(C)(C)c1ccc(N(C(=O)c2ncco2)C(C(=O)NCCc2cccc(F)c2)c2cccnc2)cc1,c1ccccc1,c1ccccc1,0.12320723
processed_cluster/14330.sdf,processed_cluster/15696.sdf,O=C(NCCc1cccc(F)c1)C(c1cccnc1)N(C(=O)c1ccco1)c1ccc(C2CCCC2)cc1,CC1(c2ccc(N(C(=O)c3ccco3)C(C(=O)NCCc3cccc(F)c3)c3cccnc3)cc2)CC1,c1ccccc1,c1ccccc1,0.12320723
processed_cluster/15696.sdf,processed_cluster/14330.sdf,CC1(c2ccc(N(C(=O)c3ccco3)C(C(=O)NCCc3cccc(F)c3)c3cccnc3)cc2)CC1,O=C(NCCc1cccc(F)c1)C(c1cccnc1)N(C(=O)c1ccco1)c1ccc(C2CCCC2)cc1,c1ccccc1,c1ccccc1,0.12320723
processed_cluster/14330.sdf,processed_cluster/14372.sdf,O=C(NCCc1cccc(F)c1)C(c1cccnc1)N(C(=O)c1ccco1)c1ccc(C2CCCC2)cc1,CC(C)c1cc(N(C(=O)c2ccco2)C(C(=O)NCCc2cccc(F)c2)c2cccnc2)ccc1C(F)(F)F,c1ccccc1,c1ccccc1,0.12320723
processed_cluster/14372.sdf,processed_cluster/14330.sdf,CC(C)c1cc(N(C(=O)c2ccco2)C(C(=O)NCCc2cccc(F)c2)c2cccnc2)ccc1C(F)(F)F,O=C(NCCc1cccc(F)c1)C(c1cccnc1)N(C(=O)c1ccco1)c1ccc(C2CCCC2)cc1,c1ccccc1,c1ccccc1,0.12320723
processed_cluster/14330.sdf,processed_cluster/14393.sdf,O=C(NCCc1cccc(F)c1)C(c1cccnc1)N(C(=O)c1ccco1)c1ccc(C2CCCC2)cc1,N#Cc1ccc(N(C(=O)c2ccco2)C(C(=O)NCCc2cccc(F)c2)c2cccnc2)cc1,c1ccc(C2CCCC2)cc1,N#Cc1ccccc1,0.17091107
processed_cluster/14393.sdf,processed_cluster/14330.sdf,N#Cc1ccc(N(C(=O)c2ccco2)C(C(=O)NCCc2cccc(F)c2)c2cccnc2)cc1,O=C(NCCc1cccc(F)c1)C(c1cccnc1)N(C(=O)c1ccco1)c1ccc(C2CCCC2)cc1,N#Cc1ccccc1,c1ccc(C2CCCC2)cc1,0.30547956
processed_cluster/14330.sdf,processed_cluster/15694.sdf,O=C(NCCc1cccc(F)c1)C(c1cccnc1)N(C(=O)c1ccco1)c1ccc(C2CCCC2)cc1,CC(C)(C)c1ccc(N(C(=O)c2ccccn2)C(C(=O)NCCc2cccc(F)c2)c2cccnc2)cc1,c1ccccc1,c1ccccc1,0.12320723
processed_cluster/15694.sdf,processed_cluster/14330.sdf,CC(C)(C)c1ccc(N(C(=O)c2ccccn2)C(C(=O)NCCc2cccc(F)c2)c2cccnc2)cc1,O=C(NCCc1cccc(F)c1)C(c1cccnc1)N(C(=O)c1ccco1)c1ccc(C2CCCC2)cc1,c1ccccc1,c1ccccc1,0.12320723
processed_cluster/14330.sdf,processed_cluster/17334.sdf,O=C(NCCc1cccc(F)c1)C(c1cccnc1)N(C(=O)c1ccco1)c1ccc(C2CCCC2)cc1,O=C(NCCc1cccc(Cl)c1)C(c1cccnc1)N(C(=O)c1ccco1)c1cccnc1,O=C(c1ccco1)c1c(Nc2ccc(C3CCCC3)cc2)c(CCc2cccc(F)c2)cc2ccncc12,O=C(c1ccco1)c1c(Nc2cccnc2)c(CCc2cccc(Cl)c2)cc2ccncc12,0.4313521
processed_cluster/17334.sdf,processed_cluster/14330.sdf,O=C(NCCc1cccc(Cl)c1)C(c1cccnc1)N(C(=O)c1ccco1)c1cccnc1,O=C(NCCc1cccc(F)c1)C(c1cccnc1)N(C(=O)c1ccco1)c1ccc(C2CCCC2)cc1,O=C(c1ccco1)c1c(Nc2cccnc2)c(CCc2cccc(Cl)c2)cc2ccncc12,O=C(c1ccco1)c1c(Nc2ccc(C3CCCC3)cc2)c(CCc2cccc(F)c2)cc2cnccc12,0.43588668
processed_cluster/14330.sdf,processed_cluster/14392.sdf,O=C(NCCc1cccc(F)c1)C(c1cccnc1)N(C(=O)c1ccco1)c1ccc(C2CCCC2)cc1,CC(=O)c1ccc(N(C(=O)c2ccco2)C(C(=O)NCCc2cccc(F)c2)c2cccnc2)cc1,c1ccc(C2CCCC2)cc1,CC(=O)c1ccccc1,0.22918528
processed_cluster/14392.sdf,processed_cluster/14330.sdf,CC(=O)c1ccc(N(C(=O)c2ccco2)C(C(=O)NCCc2cccc(F)c2)c2cccnc2)cc1,O=C(NCCc1cccc(F)c1)C(c1cccnc1)N(C(=O)c1ccco1)c1ccc(C2CCCC2)cc1,CC(=O)c1ccccc1,c1ccc(C2CCCC2)cc1,0.3164707
processed_cluster/14330.sdf,processed_cluster/14391.sdf,O=C(NCCc1cccc(F)c1)C(c1cccnc1)N(C(=O)c1ccco1)c1ccc(C2CCCC2)cc1,COc1ccc(N(C(=O)c2ccco2)C(C(=O)NCCc2cccc(F)c2)c2cccnc2)cc1,c1ccc(C2CCCC2)cc1,COc1ccccc1,0.18035412
processed_cluster/14391.sdf,processed_cluster/14330.sdf,COc1ccc(N(C(=O)c2ccco2)C(C(=O)NCCc2cccc(F)c2)c2cccnc2)cc1,O=C(NCCc1cccc(F)c1)C(c1cccnc1)N(C(=O)c1ccco1)c1ccc(C2CCCC2)cc1,COc1ccccc1,c1ccc(C2CCCC2)cc1,0.26675445
processed_cluster/14330.sdf,processed_cluster/14336.sdf,O=C(NCCc1cccc(F)c1)C(c1cccnc1)N(C(=O)c1ccco1)c1ccc(C2CCCC2)cc1,CC(C)c1cc(N(C(=O)c2ccco2)C(C(=O)NCCc2cccc(F)c2)c2cccnc2)ccc1C(F)(F)F,c1ccccc1,c1ccccc1,0.12320723
processed_cluster/14336.sdf,processed_cluster/14330.sdf,CC(C)c1cc(N(C(=O)c2ccco2)C(C(=O)NCCc2cccc(F)c2)c2cccnc2)ccc1C(F)(F)F,O=C(NCCc1cccc(F)c1)C(c1cccnc1)N(C(=O)c1ccco1)c1ccc(C2CCCC2)cc1,c1ccccc1,c1ccccc1,0.12320723
processed_cluster/14330.sdf,processed_cluster/16393.sdf,O=C(NCCc1cccc(F)c1)C(c1cccnc1)N(C(=O)c1ccco1)c1ccc(C2CCCC2)cc1,CC(C)c1ccc(N(C(=O)c2ccco2)C(C(=O)NCCc2cccc(F)c2)c2cccnc2)cc1,c1ccc(C2CCCC2)cc1,CC(C)c1ccccc1,0.18337023
processed_cluster/16393.sdf,processed_cluster/14330.sdf,CC(C)c1ccc(N(C(=O)c2ccco2)C(C(=O)NCCc2cccc(F)c2)c2cccnc2)cc1,O=C(NCCc1cccc(F)c1)C(c1cccnc1)N(C(=O)c1ccco1)c1ccc(C2CCCC2)cc1,CC(C)c1ccccc1,c1ccc(C2CCCC2)cc1,0.29119828
processed_cluster/14330.sdf,processed_cluster/14347.sdf,O=C(NCCc1cccc(F)c1)C(c1cccnc1)N(C(=O)c1ccco1)c1ccc(C2CCCC2)cc1,COc1ccc(N(C(=O)c2ccco2)C(C(=O)NCCc2cccc(F)c2)c2cccnc2)cc1,c1ccc(C2CCCC2)cc1,COc1ccccc1,0.18035412
processed_cluster/14347.sdf,processed_cluster/14330.sdf,COc1ccc(N(C(=O)c2ccco2)C(C(=O)NCCc2cccc(F)c2)c2cccnc2)cc1,O=C(NCCc1cccc(F)c1)C(c1cccnc1)N(C(=O)c1ccco1)c1ccc(C2CCCC2)cc1,COc1ccccc1,c1ccc(C2CCCC2)cc1,0.26675445
processed_cluster/14330.sdf,processed_cluster/14349.sdf,O=C(NCCc1cccc(F)c1)C(c1cccnc1)N(C(=O)c1ccco1)c1ccc(C2CCCC2)cc1,N#Cc1ccc(N(C(=O)c2ccco2)C(C(=O)NCCc2cccc(F)c2)c2cccnc2)cc1,c1ccc(C2CCCC2)cc1,N#Cc1ccccc1,0.17091107
processed_cluster/14349.sdf,processed_cluster/14330.sdf,N#Cc1ccc(N(C(=O)c2ccco2)C(C(=O)NCCc2cccc(F)c2)c2cccnc2)cc1,O=C(NCCc1cccc(F)c1)C(c1cccnc1)N(C(=O)c1ccco1)c1ccc(C2CCCC2)cc1,N#Cc1ccccc1,c1ccc(C2CCCC2)cc1,0.30547956
processed_cluster/14330.sdf,processed_cluster/14348.sdf,O=C(NCCc1cccc(F)c1)C(c1cccnc1)N(C(=O)c1ccco1)c1ccc(C2CCCC2)cc1,CC(=O)c1ccc(N(C(=O)c2ccco2)C(C(=O)NCCc2cccc(F)c2)c2cccnc2)cc1,c1ccc(C2CCCC2)cc1,CC(=O)c1ccccc1,0.22918528
processed_cluster/14348.sdf,processed_cluster/14330.sdf,CC(=O)c1ccc(N(C(=O)c2ccco2)C(C(=O)NCCc2cccc(F)c2)c2cccnc2)cc1,O=C(NCCc1cccc(F)c1)C(c1cccnc1)N(C(=O)c1ccco1)c1ccc(C2CCCC2)cc1,CC(=O)c1ccccc1,c1ccc(C2CCCC2)cc1,0.3164707
processed_cluster/14330.sdf,processed_cluster/14359.sdf,O=C(NCCc1cccc(F)c1)C(c1cccnc1)N(C(=O)c1ccco1)c1ccc(C2CCCC2)cc1,O=C(NCCc1cccc(F)c1)C(c1cccnc1)N(C(=O)c1ccco1)c1ccc(C2CCCC2)cc1,c1ccccc1,c1ccccc1,0.12320723
processed_cluster/14359.sdf,processed_cluster/14330.sdf,O=C(NCCc1cccc(F)c1)C(c1cccnc1)N(C(=O)c1ccco1)c1ccc(C2CCCC2)cc1,O=C(NCCc1cccc(F)c1)C(c1cccnc1)N(C(=O)c1ccco1)c1ccc(C2CCCC2)cc1,c1ccccc1,c1ccccc1,0.12320723
processed_cluster/14330.sdf,processed_cluster/17333.sdf,O=C(NCCc1cccc(F)c1)C(c1cccnc1)N(C(=O)c1ccco1)c1ccc(C2CCCC2)cc1,O=C(NCCc1cccc(Cl)c1)C(c1cccnc1)N(C(=O)c1ccco1)c1ccc(Cl)cc1,Fc1ccccc12CCCC2,Clc1cccccl1,0.3687929
processed_cluster/17333.sdf,processed_cluster/14330.sdf,O=C(NCCc1cccc(Cl)c1)C(c1cccnc1)N(C(=O)c1ccco1)c1ccc(Cl)cc1,O=C(NCCc1cccc(F)c1)C(c1cccnc1)N(C(=O)c1ccco1)c1ccc(C2CCCC2)cc1,Clc1cccccl1,Fc1ccccc12CCCC2,0.52396107
processed_cluster/14330.sdf,processed_cluster/15697.sdf,O=C(NCCc1cccc(F)c1)C(c1cccnc1)N(C(=O)c1ccco1)c1ccc(C2CCCC2)cc1,CC(C)(C#N)c1ccc(N(C(=O)c2ccco2)C(C(=O)NCCc2cccc(F)c2)c2cccnc2)cc1,c1ccc(C2CCCC2)cc1,CC(C)(C#N)c1ccccc1,0.19498281
processed_cluster/15697.sdf,processed_cluster/14330.sdf,CC(C)(C#N)c1ccc(N(C(=O)c2ccco2)C(C(=O)NCCc2cccc(F)c2)c2cccnc2)cc1,O=C(NCCc1cccc(F)c1)C(c1cccnc1)N(C(=O)c1ccco1)c1ccc(C2CCCC2)cc1,CC(C)(C#N)c1ccccc1,c1ccc(C2CCCC2)cc1,0.30839434
processed_cluster/15696.sdf,processed_cluster/14372.sdf,CC1(c2ccc(N(C(=O)c3ccco3)C(C(=O)NCCc3cccc(F)c3)c3cccnc3)cc2)CC1,CC(C)c1cc(N(C(=O)c2ccco2)C(C(=O)NCCc2cccc(F)c2)c2cccnc2)ccc1C(F)(F)F,CC1(c2ccccc2)CC1,CC1(C)CCCCC1C(F)(F)F,0.47067764
processed_cluster/14372.sdf,processed_cluster/15696.sdf,CC(C)c1cc(N(C(=O)c2ccco2)C(C(=O)NCCc2cccc(F)c2)c2cccnc2)ccc1C(F)(F)F,CC1(c2ccc(N(C(=O)c3ccco3)C(C(=O)NCCc3cccc(F)c3)c3cccnc3)cc2)CC1,CC1(C)CCCCC1C(F)(F)F,CC1(c2ccccc2)CC1,0.8105398
processed_cluster/15696.sdf,processed_cluster/14393.sdf,CC1(c2ccc(N(C(=O)c3ccco3)C(C(=O)NCCc3cccc(F)c3)c3cccnc3)cc2)CC1,N#Cc1ccc(N(C(=O)c2ccco2)C(C(=O)NCCc2cccc(F)c2)c2cccnc2)cc1,CC1(c2ccccc2)CC1,N#Cc1ccccc1,0.15188284
processed_cluster/14393.sdf,processed_cluster/15696.sdf,N#Cc1ccc(N(C(=O)c2ccco2)C(C(=O)NCCc2cccc(F)c2)c2cccnc2)cc1,CC1(c2ccc(N(C(=O)c3ccco3)C(C(=O)NCCc3cccc(F)c3)c3cccnc3)cc2)CC1,N#Cc1ccccc1,CC1(c2ccccc2)CC1,0.19543134
processed_cluster/15696.sdf,processed_cluster/15694.sdf,CC1(c2ccc(N(C(=O)c3ccco3)C(C(=O)NCCc3cccc(F)c3)c3cccnc3)cc2)CC1,CC(C)(C)c1ccc(N(C(=O)c2ccccn2)C(C(=O)NCCc2cccc(F)c2)c2cccnc2)cc1,c1ccccc1,c1ccccc1,0.12320723
processed_cluster/15694.sdf,processed_cluster/15696.sdf,CC(C)(C)c1ccc(N(C(=O)c2ccccn2)C(C(=O)NCCc2cccc(F)c2)c2cccnc2)cc1,CC1(c2ccc(N(C(=O)c3ccco3)C(C(=O)NCCc3cccc(F)c3)c3cccnc3)cc2)CC1,c1ccccc1,c1ccccc1,0.12320723
processed_cluster/15696.sdf,processed_cluster/17334.sdf,CC1(c2ccc(N(C(=O)c3ccco3)C(C(=O)NCCc3cccc(F)c3)c3cccnc3)cc2)CC1,O=C(NCCc1cccc(Cl)c1)C(c1cccnc1)N(C(=O)c1ccco1)c1cccnc1,CC1(c2ccc(Nc3c(NC(=O)c4ccco4)c(CCc4cccc(F)c4)cc4cnccc34)cc2)CC1,O=C(c1ccco1)c1c(Nc2cccnc2)c(CCc2cccc(Cl)c2)cc2ccncc12,0.44180235
processed_cluster/17334.sdf,processed_cluster/15696.sdf,O=C(NCCc1cccc(Cl)c1)C(c1cccnc1)N(C(=O)c1ccco1)c1cccnc1,CC1(c2ccc(N(C(=O)c3ccco3)C(C(=O)NCCc3cccc(F)c3)c3cccnc3)cc2)CC1,O=C(c1ccco1)c1c(Nc2cccnc2)c(CCc2cccc(Cl)c2)cc2cnccc12,CC1(c2ccc(Nc3c(NC(=O)c4ccco4)c(CCc4cccc(F)c4)cc4ccncc34)cc2)CC1,0.44249085
processed_cluster/15696.sdf,processed_cluster/14392.sdf,CC1(c2ccc(N(C(=O)c3ccco3)C(C(=O)NCCc3cccc(F)c3)c3cccnc3)cc2)CC1,CC(=O)c1ccc(N(C(=O)c2ccco2)C(C(=O)NCCc2cccc(F)c2)c2cccnc2)cc1,CC1(c2ccccc2)CC1,CC(=O)c1ccccc1,0.20013142
processed_cluster/14392.sdf,processed_cluster/15696.sdf,CC(=O)c1ccc(N(C(=O)c2ccco2)C(C(=O)NCCc2cccc(F)c2)c2cccnc2)cc1,CC1(c2ccc(N(C(=O)c3ccco3)C(C(=O)NCCc3cccc(F)c3)c3cccnc3)cc2)CC1,CC(=O)c1ccccc1,CC1(c2ccccc2)CC1,0.21374074
processed_cluster/15696.sdf,processed_cluster/14391.sdf,CC1(c2ccc(N(C(=O)c3ccco3)C(C(=O)NCCc3cccc(F)c3)c3cccnc3)cc2)CC1,COc1ccc(N(C(=O)c2ccco2)C(C(=O)NCCc2cccc(F)c2)c2cccnc2)cc1,CC1(c2ccccc2)CC1,COc1ccccc1,0.15658437
processed_cluster/14391.sdf,processed_cluster/15696.sdf,COc1ccc(N(C(=O)c2ccco2)C(C(=O)NCCc2cccc(F)c2)c2cccnc2)cc1,CC1(c2ccc(N(C(=O)c3ccco3)C(C(=O)NCCc3cccc(F)c3)c3cccnc3)cc2)CC1,COc1ccccc1,CC1(c2ccccc2)CC1,0.16597989
processed_cluster/15696.sdf,processed_cluster/14336.sdf,CC1(c2ccc(N(C(=O)c3ccco3)C(C(=O)NCCc3cccc(F)c3)c3cccnc3)cc2)CC1,CC(C)c1cc(N(C(=O)c2ccco2)C(C(=O)NCCc2cccc(F)c2)c2cccnc2)ccc1C(F)(F)F,CC1(c2ccccc2)CC1,CC1(C)CCCCC1C(F)(F)F,0.47067764
processed_cluster/14336.sdf,processed_cluster/15696.sdf,CC(C)c1cc(N(C(=O)c2ccco2)C(C(=O)NCCc2cccc(F)c2)c2cccnc2)ccc1C(F)(F)F,CC1(c2ccc(N(C(=O)c3ccco3)C(C(=O)NCCc3cccc(F)c3)c3cccnc3)cc2)CC1,CC1(C)CCCCC1C(F)(F)F,CC1(c2ccccc2)CC1,0.8105398
processed_cluster/15696.sdf,processed_cluster/16393.sdf,CC1(c2ccc(N(C(=O)c3ccco3)C(C(=O)NCCc3cccc(F)c3)c3cccnc3)cc2)CC1,CC(C)c1ccc(N(C(=O)c2ccco2)C(C(=O)NCCc2cccc(F)c2)c2cccnc2)cc1,CC1(c2ccccc2)CC1,CC(C)c1ccccc1,0.1541055
processed_cluster/16393.sdf,processed_cluster/15696.sdf,CC(C)c1ccc(N(C(=O)c2ccco2)C(C(=O)NCCc2cccc(F)c2)c2cccnc2)cc1,CC1(c2ccc(N(C(=O)c3ccco3)C(C(=O)NCCc3cccc(F)c3)c3cccnc3)cc2)CC1,CC(C)c1ccccc1,CC1(c2ccccc2)CC1,0.19733809
processed_cluster/15696.sdf,processed_cluster/14347.sdf,CC1(c2ccc(N(C(=O)c3ccco3)C(C(=O)NCCc3cccc(F)c3)c3cccnc3)cc2)CC1,COc1ccc(N(C(=O)c2ccco2)C(C(=O)NCCc2cccc(F)c2)c2cccnc2)cc1,CC1(c2ccccc2)CC1,COc1ccccc1,0.15658437
processed_cluster/14347.sdf,processed_cluster/15696.sdf,COc1ccc(N(C(=O)c2ccco2)C(C(=O)NCCc2cccc(F)c2)c2cccnc2)cc1,CC1(c2ccc(N(C(=O)c3ccco3)C(C(=O)NCCc3cccc(F)c3)c3cccnc3)cc2)CC1,COc1ccccc1,CC1(c2ccccc2)CC1,0.16597989
processed_cluster/15696.sdf,processed_cluster/14349.sdf,CC1(c2ccc(N(C(=O)c3ccco3)C(C(=O)NCCc3cccc(F)c3)c3cccnc3)cc2)CC1,N#Cc1ccc(N(C(=O)c2ccco2)C(C(=O)NCCc2cccc(F)c2)c2cccnc2)cc1,CC1(c2ccccc2)CC1,N#Cc1ccccc1,0.15188284
processed_cluster/14349.sdf,processed_cluster/15696.sdf,N#Cc1ccc(N(C(=O)c2ccco2)C(C(=O)NCCc2cccc(F)c2)c2cccnc2)cc1,CC1(c2ccc(N(C(=O)c3ccco3)C(C(=O)NCCc3cccc(F)c3)c3cccnc3)cc2)CC1,N#Cc1ccccc1,CC1(c2ccccc2)CC1,0.19543134
processed_cluster/15696.sdf,processed_cluster/14348.sdf,CC1(c2ccc(N(C(=O)c3ccco3)C(C(=O)NCCc3cccc(F)c3)c3cccnc3)cc2)CC1,CC(=O)c1ccc(N(C(=O)c2ccco2)C(C(=O)NCCc2cccc(F)c2)c2cccnc2)cc1,CC1(c2ccccc2)CC1,CC(=O)c1ccccc1,0.20013142
processed_cluster/14348.sdf,processed_cluster/15696.sdf,CC(=O)c1ccc(N(C(=O)c2ccco2)C(C(=O)NCCc2cccc(F)c2)c2cccnc2)cc1,CC1(c2ccc(N(C(=O)c3ccco3)C(C(=O)NCCc3cccc(F)c3)c3cccnc3)cc2)CC1,CC(=O)c1ccccc1,CC1(c2ccccc2)CC1,0.21374074
processed_cluster/15696.sdf,processed_cluster/14359.sdf,CC1(c2ccc(N(C(=O)c3ccco3)C(C(=O)NCCc3cccc(F)c3)c3cccnc3)cc2)CC1,O=C(NCCc1cccc(F)c1)C(c1cccnc1)N(C(=O)c1ccco1)c1ccc(C2CCCC2)cc1,c1ccccc1,c1ccccc1,0.12320723
processed_cluster/14359.sdf,processed_cluster/15696.sdf,O=C(NCCc1cccc(F)c1)C(c1cccnc1)N(C(=O)c1ccco1)c1ccc(C2CCCC2)cc1,CC1(c2ccc(N(C(=O)c3ccco3)C(C(=O)NCCc3cccc(F)c3)c3cccnc3)cc2)CC1,c1ccccc1,c1ccccc1,0.12320723
processed_cluster/15696.sdf,processed_cluster/17333.sdf,CC1(c2ccc(N(C(=O)c3ccco3)C(C(=O)NCCc3cccc(F)c3)c3cccnc3)cc2)CC1,O=C(NCCc1cccc(Cl)c1)C(c1cccnc1)N(C(=O)c1ccco1)c1ccc(Cl)cc1,Cc12(ccccc1F)CC2,Clc1cccccl1,1.1842993
processed_cluster/17333.sdf,processed_cluster/15696.sdf,O=C(NCCc1cccc(Cl)c1)C(c1cccnc1)N(C(=O)c1ccco1)c1ccc(Cl)cc1,CC1(c2ccc(N(C(=O)c3ccco3)C(C(=O)NCCc3cccc(F)c3)c3cccnc3)cc2)CC1,Clc1cccccl1,Cc12(ccccc1F)CC2,1.2877104
processed_cluster/15696.sdf,processed_cluster/15697.sdf,CC1(c2ccc(N(C(=O)c3ccco3)C(C(=O)NCCc3cccc(F)c3)c3cccnc3)cc2)CC1,CC(C)(C#N)c1ccc(N(C(=O)c2ccco2)C(C(=O)NCCc2cccc(F)c2)c2cccnc2)cc1,CC1(c2ccccc2)CC1,CC(C)(C#N)c1ccccc1,0.16422592
processed_cluster/15697.sdf,processed_cluster/15696.sdf,CC(C)(C#N)c1ccc(N(C(=O)c2ccco2)C(C(=O)NCCc2cccc(F)c2)c2cccnc2)cc1,CC1(c2ccc(N(C(=O)c3ccco3)C(C(=O)NCCc3cccc(F)c3)c3cccnc3)cc2)CC1,CC(C)(C#N)c1ccccc1,CC1(c2ccccc2)CC1,0.20825538
processed_cluster/14372.sdf,processed_cluster/14393.sdf,CC(C)c1cc(N(C(=O)c2ccco2)C(C(=O)NCCc2cccc(F)c2)c2cccnc2)ccc1C(F)(F)F,N#Cc1ccc(N(C(=O)c2ccco2)C(C(=O)NCCc2cccc(F)c2)c2cccnc2)cc1,c1ccccc1,c1ccccc1,0.12320723
processed_cluster/14393.sdf,processed_cluster/14372.sdf,N#Cc1ccc(N(C(=O)c2ccco2)C(C(=O)NCCc2cccc(F)c2)c2cccnc2)cc1,CC(C)c1cc(N(C(=O)c2ccco2)C(C(=O)NCCc2cccc(F)c2)c2cccnc2)ccc1C(F)(F)F,c1ccccc1,c1ccccc1,0.12320723
processed_cluster/14372.sdf,processed_cluster/15694.sdf,CC(C)c1cc(N(C(=O)c2ccco2)C(C(=O)NCCc2cccc(F)c2)c2cccnc2)ccc1C(F)(F)F,CC(C)(C)c1ccc(N(C(=O)c2ccccn2)C(C(=O)NCCc2cccc(F)c2)c2cccnc2)cc1,c1ccccc1,c1ccccc1,0.12320723
processed_cluster/15694.sdf,processed_cluster/14372.sdf,CC(C)(C)c1ccc(N(C(=O)c2ccccn2)C(C(=O)NCCc2cccc(F)c2)c2cccnc2)cc1,CC(C)c1cc(N(C(=O)c2ccco2)C(C(=O)NCCc2cccc(F)c2)c2cccnc2)ccc1C(F)(F)F,c1ccccc1,c1ccccc1,0.12320723
processed_cluster/14372.sdf,processed_cluster/17334.sdf,CC(C)c1cc(N(C(=O)c2ccco2)C(C(=O)NCCc2cccc(F)c2)c2cccnc2)ccc1C(F)(F)F,O=C(NCCc1cccc(Cl)c1)C(c1cccnc1)N(C(=O)c1ccco1)c1cccnc1,CC(C)c1cc(Nc2c(NC(=O)c3ccco3)c(CCc3cccc(F)c3)cc3cnccc23)ccc1C(F)(F)F,O=C(c1ccco1)c1c(Nc2cccnc2)c(CCc2cccc(Cl)c2)cc2ccncc12,0.4714079
processed_cluster/17334.sdf,processed_cluster/14372.sdf,O=C(NCCc1cccc(Cl)c1)C(c1cccnc1)N(C(=O)c1ccco1)c1cccnc1,CC(C)c1cc(N(C(=O)c2ccco2)C(C(=O)NCCc2cccc(F)c2)c2cccnc2)ccc1C(F)(F)F,O=C(c1ccco1)c1c(Nc2cccnc2)c(CCc2cccc(Cl)c2)cc2ccncc12,CC(C)c1cc(Nc2c(CCc3cccc(F)c3)cc3cnccc3c2NC(=O)c2ccco2)ccc1C(F)(F)F,0.4140416
processed_cluster/14372.sdf,processed_cluster/14392.sdf,CC(C)c1cc(N(C(=O)c2ccco2)C(C(=O)NCCc2cccc(F)c2)c2cccnc2)ccc1C(F)(F)F,CC(=O)c1ccc(N(C(=O)c2ccco2)C(C(=O)NCCc2cccc(F)c2)c2cccnc2)cc1,c1ccccc1,c1ccccc1,0.12320723
processed_cluster/14392.sdf,processed_cluster/14372.sdf,CC(=O)c1ccc(N(C(=O)c2ccco2)C(C(=O)NCCc2cccc(F)c2)c2cccnc2)cc1,CC(C)c1cc(N(C(=O)c2ccco2)C(C(=O)NCCc2cccc(F)c2)c2cccnc2)ccc1C(F)(F)F,c1ccccc1,c1ccccc1,0.12320723
processed_cluster/14372.sdf,processed_cluster/14391.sdf,CC(C)c1cc(N(C(=O)c2ccco2)C(C(=O)NCCc2cccc(F)c2)c2cccnc2)ccc1C(F)(F)F,COc1ccc(N(C(=O)c2ccco2)C(C(=O)NCCc2cccc(F)c2)c2cccnc2)cc1,CC1(C)CCCCC1C(F)(F)F,COc1ccccc1,0.56154543
processed_cluster/14391.sdf,processed_cluster/14372.sdf,COc1ccc(N(C(=O)c2ccco2)C(C(=O)NCCc2cccc(F)c2)c2cccnc2)cc1,CC(C)c1cc(N(C(=O)c2ccco2)C(C(=O)NCCc2cccc(F)c2)c2cccnc2)ccc1C(F)(F)F,COc1ccccc1,CC1(C)CCCCC1C(F)(F)F,0.5122022
processed_cluster/14372.sdf,processed_cluster/14336.sdf,CC(C)c1cc(N(C(=O)c2ccco2)C(C(=O)NCCc2cccc(F)c2)c2cccnc2)ccc1C(F)(F)F,CC(C)c1cc(N(C(=O)c2ccco2)C(C(=O)NCCc2cccc(F)c2)c2cccnc2)ccc1C(F)(F)F,c1ccccc1,c1ccccc1,0.12320723
processed_cluster/14336.sdf,processed_cluster/14372.sdf,CC(C)c1cc(N(C(=O)c2ccco2)C(C(=O)NCCc2cccc(F)c2)c2cccnc2)ccc1C(F)(F)F,CC(C)c1cc(N(C(=O)c2ccco2)C(C(=O)NCCc2cccc(F)c2)c2cccnc2)ccc1C(F)(F)F,c1ccccc1,c1ccccc1,0.12320723
processed_cluster/14372.sdf,processed_cluster/16393.sdf,CC(C)c1cc(N(C(=O)c2ccco2)C(C(=O)NCCc2cccc(F)c2)c2cccnc2)ccc1C(F)(F)F,CC(C)c1ccc(N(C(=O)c2ccco2)C(C(=O)NCCc2cccc(F)c2)c2cccnc2)cc1,c1ccccc1,c1ccccc1,0.12320723
processed_cluster/16393.sdf,processed_cluster/14372.sdf,CC(C)c1ccc(N(C(=O)c2ccco2)C(C(=O)NCCc2cccc(F)c2)c2cccnc2)cc1,CC(C)c1cc(N(C(=O)c2ccco2)C(C(=O)NCCc2cccc(F)c2)c2cccnc2)ccc1C(F)(F)F,c1ccccc1,c1ccccc1,0.12320723
processed_cluster/14372.sdf,processed_cluster/14347.sdf,CC(C)c1cc(N(C(=O)c2ccco2)C(C(=O)NCCc2cccc(F)c2)c2cccnc2)ccc1C(F)(F)F,COc1ccc(N(C(=O)c2ccco2)C(C(=O)NCCc2cccc(F)c2)c2cccnc2)cc1,CC1(C)CCCCC1C(F)(F)F,COc1ccccc1,0.56154543
processed_cluster/14347.sdf,processed_cluster/14372.sdf,COc1ccc(N(C(=O)c2ccco2)C(C(=O)NCCc2cccc(F)c2)c2cccnc2)cc1,CC(C)c1cc(N(C(=O)c2ccco2)C(C(=O)NCCc2cccc(F)c2)c2cccnc2)ccc1C(F)(F)F,COc1ccccc1,CC1(C)CCCCC1C(F)(F)F,0.5122022
processed_cluster/14372.sdf,processed_cluster/14349.sdf,CC(C)c1cc(N(C(=O)c2ccco2)C(C(=O)NCCc2cccc(F)c2)c2cccnc2)ccc1C(F)(F)F,N#Cc1ccc(N(C(=O)c2ccco2)C(C(=O)NCCc2cccc(F)c2)c2cccnc2)cc1,c1ccccc1,c1ccccc1,0.12320723
processed_cluster/14349.sdf,processed_cluster/14372.sdf,N#Cc1ccc(N(C(=O)c2ccco2)C(C(=O)NCCc2cccc(F)c2)c2cccnc2)cc1,CC(C)c1cc(N(C(=O)c2ccco2)C(C(=O)NCCc2cccc(F)c2)c2cccnc2)ccc1C(F)(F)F,c1ccccc1,c1ccccc1,0.12320723
processed_cluster/14372.sdf,processed_cluster/14348.sdf,CC(C)c1cc(N(C(=O)c2ccco2)C(C(=O)NCCc2cccc(F)c2)c2cccnc2)ccc1C(F)(F)F,CC(=O)c1ccc(N(C(=O)c2ccco2)C(C(=O)NCCc2cccc(F)c2)c2cccnc2)cc1,c1ccccc1,c1ccccc1,0.12320723
processed_cluster/14348.sdf,processed_cluster/14372.sdf,CC(=O)c1ccc(N(C(=O)c2ccco2)C(C(=O)NCCc2cccc(F)c2)c2cccnc2)cc1,CC(C)c1cc(N(C(=O)c2ccco2)C(C(=O)NCCc2cccc(F)c2)c2cccnc2)ccc1C(F)(F)F,c1ccccc1,c1ccccc1,0.12320723
processed_cluster/14372.sdf,processed_cluster/14359.sdf,CC(C)c1cc(N(C(=O)c2ccco2)C(C(=O)NCCc2cccc(F)c2)c2cccnc2)ccc1C(F)(F)F,O=C(NCCc1cccc(F)c1)C(c1cccnc1)N(C(=O)c1ccco1)c1ccc(C2CCCC2)cc1,c1ccccc1,c1ccccc1,0.12320723
processed_cluster/14359.sdf,processed_cluster/14372.sdf,O=C(NCCc1cccc(F)c1)C(c1cccnc1)N(C(=O)c1ccco1)c1ccc(C2CCCC2)cc1,CC(C)c1cc(N(C(=O)c2ccco2)C(C(=O)NCCc2cccc(F)c2)c2cccnc2)ccc1C(F)(F)F,c1ccccc1,c1ccccc1,0.12320723
processed_cluster/14372.sdf,processed_cluster/17333.sdf,CC(C)c1cc(N(C(=O)c2ccco2)C(C(=O)NCCc2cccc(F)c2)c2cccnc2)ccc1C(F)(F)F,O=C(NCCc1cccc(Cl)c1)C(c1cccnc1)N(C(=O)c1ccco1)c1ccc(Cl)cc1,CC1(C)CCCC(C(F)(F)F)C1F,Clc1cccccl1,0.8178092
processed_cluster/17333.sdf,processed_cluster/14372.sdf,O=C(NCCc1cccc(Cl)c1)C(c1cccnc1)N(C(=O)c1ccco1)c1ccc(Cl)cc1,CC(C)c1cc(N(C(=O)c2ccco2)C(C(=O)NCCc2cccc(F)c2)c2cccnc2)ccc1C(F)(F)F,Clc1cccccl1,CC1(C)CCCC(C(F)(F)F)C1F,0.74464756
processed_cluster/14372.sdf,processed_cluster/15697.sdf,CC(C)c1cc(N(C(=O)c2ccco2)C(C(=O)NCCc2cccc(F)c2)c2cccnc2)ccc1C(F)(F)F,CC(C)(C#N)c1ccc(N(C(=O)c2ccco2)C(C(=O)NCCc2cccc(F)c2)c2cccnc2)cc1,c1ccccc1,c1ccccc1,0.12320723
processed_cluster/15697.sdf,processed_cluster/14372.sdf,CC(C)(C#N)c1ccc(N(C(=O)c2ccco2)C(C(=O)NCCc2cccc(F)c2)c2cccnc2)cc1,CC(C)c1cc(N(C(=O)c2ccco2)C(C(=O)NCCc2cccc(F)c2)c2cccnc2)ccc1C(F)(F)F,c1ccccc1,c1ccccc1,0.12320723
processed_cluster/14393.sdf,processed_cluster/15694.sdf,N#Cc1ccc(N(C(=O)c2ccco2)C(C(=O)NCCc2cccc(F)c2)c2cccnc2)cc1,CC(C)(C)c1ccc(N(C(=O)c2ccccn2)C(C(=O)NCCc2cccc(F)c2)c2cccnc2)cc1,c1ccccc1,c1ccccc1,0.12320723
processed_cluster/15694.sdf,processed_cluster/14393.sdf,CC(C)(C)c1ccc(N(C(=O)c2ccccn2)C(C(=O)NCCc2cccc(F)c2)c2cccnc2)cc1,N#Cc1ccc(N(C(=O)c2ccco2)C(C(=O)NCCc2cccc(F)c2)c2cccnc2)cc1,c1ccccc1,c1ccccc1,0.12320723
processed_cluster/14393.sdf,processed_cluster/17334.sdf,N#Cc1ccc(N(C(=O)c2ccco2)C(C(=O)NCCc2cccc(F)c2)c2cccnc2)cc1,O=C(NCCc1cccc(Cl)c1)C(c1cccnc1)N(C(=O)c1ccco1)c1cccnc1,N#Cc1ccc(Nc2c(CCc3cccc(F)c3)cc3cnccc3c2NC(=O)c2ccco2)cc1,O=C(c1ccco1)c1c(Nc2cccnc2)c(CCc2cccc(Cl)c2)cc2ccncc12,0.47160462
processed_cluster/17334.sdf,processed_cluster/14393.sdf,O=C(NCCc1cccc(Cl)c1)C(c1cccnc1)N(C(=O)c1ccco1)c1cccnc1,N#Cc1ccc(N(C(=O)c2ccco2)C(C(=O)NCCc2cccc(F)c2)c2cccnc2)cc1,O=C(c1ccco1)c1c(Nc2cccnc2)c(CCc2cccc(Cl)c2)cc2cnccc12,N#Cc1ccc(Nc2c(CCc3cccc(F)c3)cc3cnccc3c2NC(=O)c2ccco2)cc1,0.42263216
processed_cluster/14393.sdf,processed_cluster/14392.sdf,N#Cc1ccc(N(C(=O)c2ccco2)C(C(=O)NCCc2cccc(F)c2)c2cccnc2)cc1,CC(=O)c1ccc(N(C(=O)c2ccco2)C(C(=O)NCCc2cccc(F)c2)c2cccnc2)cc1,N#Cc1ccccc1,CC(=O)c1ccccc1,0.21340844
processed_cluster/14392.sdf,processed_cluster/14393.sdf,CC(=O)c1ccc(N(C(=O)c2ccco2)C(C(=O)NCCc2cccc(F)c2)c2cccnc2)cc1,N#Cc1ccc(N(C(=O)c2ccco2)C(C(=O)NCCc2cccc(F)c2)c2cccnc2)cc1,CC(=O)c1ccccc1,N#Cc1ccccc1,0.16564614
processed_cluster/14393.sdf,processed_cluster/14391.sdf,N#Cc1ccc(N(C(=O)c2ccco2)C(C(=O)NCCc2cccc(F)c2)c2cccnc2)cc1,COc1ccc(N(C(=O)c2ccco2)C(C(=O)NCCc2cccc(F)c2)c2cccnc2)cc1,N#Cc1ccccc1,COc1ccccc1,0.1519733
processed_cluster/14391.sdf,processed_cluster/14393.sdf,COc1ccc(N(C(=O)c2ccco2)C(C(=O)NCCc2cccc(F)c2)c2cccnc2)cc1,N#Cc1ccc(N(C(=O)c2ccco2)C(C(=O)NCCc2cccc(F)c2)c2cccnc2)cc1,COc1ccccc1,N#Cc1ccccc1,0.12876067
processed_cluster/14393.sdf,processed_cluster/14336.sdf,N#Cc1ccc(N(C(=O)c2ccco2)C(C(=O)NCCc2cccc(F)c2)c2cccnc2)cc1,CC(C)c1cc(N(C(=O)c2ccco2)C(C(=O)NCCc2cccc(F)c2)c2cccnc2)ccc1C(F)(F)F,c1ccccc1,c1ccccc1,0.12320723
processed_cluster/14336.sdf,processed_cluster/14393.sdf,CC(C)c1cc(N(C(=O)c2ccco2)C(C(=O)NCCc2cccc(F)c2)c2cccnc2)ccc1C(F)(F)F,N#Cc1ccc(N(C(=O)c2ccco2)C(C(=O)NCCc2cccc(F)c2)c2cccnc2)cc1,c1ccccc1,c1ccccc1,0.12320723
processed_cluster/14393.sdf,processed_cluster/16393.sdf,N#Cc1ccc(N(C(=O)c2ccco2)C(C(=O)NCCc2cccc(F)c2)c2cccnc2)cc1,CC(C)c1ccc(N(C(=O)c2ccco2)C(C(=O)NCCc2cccc(F)c2)c2cccnc2)cc1,N#Cc1ccccc1,CC(C)c1ccccc1,0.1666276
processed_cluster/16393.sdf,processed_cluster/14393.sdf,CC(C)c1ccc(N(C(=O)c2ccco2)C(C(=O)NCCc2cccc(F)c2)c2cccnc2)cc1,N#Cc1ccc(N(C(=O)c2ccco2)C(C(=O)NCCc2cccc(F)c2)c2cccnc2)cc1,CC(C)c1ccccc1,N#Cc1ccccc1,0.14584352
processed_cluster/14393.sdf,processed_cluster/14347.sdf,N#Cc1ccc(N(C(=O)c2ccco2)C(C(=O)NCCc2cccc(F)c2)c2cccnc2)cc1,COc1ccc(N(C(=O)c2ccco2)C(C(=O)NCCc2cccc(F)c2)c2cccnc2)cc1,N#Cc1ccccc1,COc1ccccc1,0.1519733
processed_cluster/14347.sdf,processed_cluster/14393.sdf,COc1ccc(N(C(=O)c2ccco2)C(C(=O)NCCc2cccc(F)c2)c2cccnc2)cc1,N#Cc1ccc(N(C(=O)c2ccco2)C(C(=O)NCCc2cccc(F)c2)c2cccnc2)cc1,COc1ccccc1,N#Cc1ccccc1,0.12876067
processed_cluster/14393.sdf,processed_cluster/14349.sdf,N#Cc1ccc(N(C(=O)c2ccco2)C(C(=O)NCCc2cccc(F)c2)c2cccnc2)cc1,N#Cc1ccc(N(C(=O)c2ccco2)C(C(=O)NCCc2cccc(F)c2)c2cccnc2)cc1,c1ccccc1,c1ccccc1,0.12320723
processed_cluster/14349.sdf,processed_cluster/14393.sdf,N#Cc1ccc(N(C(=O)c2ccco2)C(C(=O)NCCc2cccc(F)c2)c2cccnc2)cc1,N#Cc1ccc(N(C(=O)c2ccco2)C(C(=O)NCCc2cccc(F)c2)c2cccnc2)cc1,c1ccccc1,c1ccccc1,0.12320723
processed_cluster/14393.sdf,processed_cluster/14348.sdf,N#Cc1ccc(N(C(=O)c2ccco2)C(C(=O)NCCc2cccc(F)c2)c2cccnc2)cc1,CC(=O)c1ccc(N(C(=O)c2ccco2)C(C(=O)NCCc2cccc(F)c2)c2cccnc2)cc1,N#Cc1ccccc1,CC(=O)c1ccccc1,0.21340844
processed_cluster/14348.sdf,processed_cluster/14393.sdf,CC(=O)c1ccc(N(C(=O)c2ccco2)C(C(=O)NCCc2cccc(F)c2)c2cccnc2)cc1,N#Cc1ccc(N(C(=O)c2ccco2)C(C(=O)NCCc2cccc(F)c2)c2cccnc2)cc1,CC(=O)c1ccccc1,N#Cc1ccccc1,0.16564614
processed_cluster/14393.sdf,processed_cluster/14359.sdf,N#Cc1ccc(N(C(=O)c2ccco2)C(C(=O)NCCc2cccc(F)c2)c2cccnc2)cc1,O=C(NCCc1cccc(F)c1)C(c1cccnc1)N(C(=O)c1ccco1)c1ccc(C2CCCC2)cc1,N#Cc1ccccc1,c1ccc(C2CCCC2)cc1,0.30547956
processed_cluster/14359.sdf,processed_cluster/14393.sdf,O=C(NCCc1cccc(F)c1)C(c1cccnc1)N(C(=O)c1ccco1)c1ccc(C2CCCC2)cc1,N#Cc1ccc(N(C(=O)c2ccco2)C(C(=O)NCCc2cccc(F)c2)c2cccnc2)cc1,c1ccc(C2CCCC2)cc1,N#Cc1ccccc1,0.17091107
processed_cluster/14393.sdf,processed_cluster/17333.sdf,N#Cc1ccc(N(C(=O)c2ccco2)C(C(=O)NCCc2cccc(F)c2)c2cccnc2)cc1,O=C(NCCc1cccc(Cl)c1)C(c1cccnc1)N(C(=O)c1ccco1)c1ccc(Cl)cc1,c1ccccc1,c1ccccc1,0.12320723
processed_cluster/17333.sdf,processed_cluster/14393.sdf,O=C(NCCc1cccc(Cl)c1)C(c1cccnc1)N(C(=O)c1ccco1)c1ccc(Cl)cc1,N#Cc1ccc(N(C(=O)c2ccco2)C(C(=O)NCCc2cccc(F)c2)c2cccnc2)cc1,c1ccccc1,c1ccccc1,0.12320723
processed_cluster/14393.sdf,processed_cluster/15697.sdf,N#Cc1ccc(N(C(=O)c2ccco2)C(C(=O)NCCc2cccc(F)c2)c2cccnc2)cc1,CC(C)(C#N)c1ccc(N(C(=O)c2ccco2)C(C(=O)NCCc2cccc(F)c2)c2cccnc2)cc1,N#Cc1ccccc1,CC(C)(C#N)c1ccccc1,0.16547424
processed_cluster/15697.sdf,processed_cluster/14393.sdf,CC(C)(C#N)c1ccc(N(C(=O)c2ccco2)C(C(=O)NCCc2cccc(F)c2)c2cccnc2)cc1,N#Cc1ccc(N(C(=O)c2ccco2)C(C(=O)NCCc2cccc(F)c2)c2cccnc2)cc1,CC(C)(C#N)c1ccccc1,N#Cc1ccccc1,0.15012717
processed_cluster/15694.sdf,processed_cluster/17334.sdf,CC(C)(C)c1ccc(N(C(=O)c2ccccn2)C(C(=O)NCCc2cccc(F)c2)c2cccnc2)cc1,O=C(NCCc1cccc(Cl)c1)C(c1cccnc1)N(C(=O)c1ccco1)c1cccnc1,c1ccccc1,c1ccccc1,0.12320723
processed_cluster/17334.sdf,processed_cluster/15694.sdf,O=C(NCCc1cccc(Cl)c1)C(c1cccnc1)N(C(=O)c1ccco1)c1cccnc1,CC(C)(C)c1ccc(N(C(=O)c2ccccn2)C(C(=O)NCCc2cccc(F)c2)c2cccnc2)cc1,c1ccccc1,c1ccccc1,0.12320723
processed_cluster/15694.sdf,processed_cluster/14392.sdf,CC(C)(C)c1ccc(N(C(=O)c2ccccn2)C(C(=O)NCCc2cccc(F)c2)c2cccnc2)cc1,CC(=O)c1ccc(N(C(=O)c2ccco2)C(C(=O)NCCc2cccc(F)c2)c2cccnc2)cc1,c1ccccc1,c1ccccc1,0.12320723
processed_cluster/14392.sdf,processed_cluster/15694.sdf,CC(=O)c1ccc(N(C(=O)c2ccco2)C(C(=O)NCCc2cccc(F)c2)c2cccnc2)cc1,CC(C)(C)c1ccc(N(C(=O)c2ccccn2)C(C(=O)NCCc2cccc(F)c2)c2cccnc2)cc1,c1ccccc1,c1ccccc1,0.12320723
processed_cluster/15694.sdf,processed_cluster/14391.sdf,CC(C)(C)c1ccc(N(C(=O)c2ccccn2)C(C(=O)NCCc2cccc(F)c2)c2cccnc2)cc1,COc1ccc(N(C(=O)c2ccco2)C(C(=O)NCCc2cccc(F)c2)c2cccnc2)cc1,c1ccccc1,c1ccccc1,0.12320723
processed_cluster/14391.sdf,processed_cluster/15694.sdf,COc1ccc(N(C(=O)c2ccco2)C(C(=O)NCCc2cccc(F)c2)c2cccnc2)cc1,CC(C)(C)c1ccc(N(C(=O)c2ccccn2)C(C(=O)NCCc2cccc(F)c2)c2cccnc2)cc1,c1ccccc1,c1ccccc1,0.12320723
processed_cluster/15694.sdf,processed_cluster/14336.sdf,CC(C)(C)c1ccc(N(C(=O)c2ccccn2)C(C(=O)NCCc2cccc(F)c2)c2cccnc2)cc1,CC(C)c1cc(N(C(=O)c2ccco2)C(C(=O)NCCc2cccc(F)c2)c2cccnc2)ccc1C(F)(F)F,c1ccccc1,c1ccccc1,0.12320723
processed_cluster/14336.sdf,processed_cluster/15694.sdf,CC(C)c1cc(N(C(=O)c2ccco2)C(C(=O)NCCc2cccc(F)c2)c2cccnc2)ccc1C(F)(F)F,CC(C)(C)c1ccc(N(C(=O)c2ccccn2)C(C(=O)NCCc2cccc(F)c2)c2cccnc2)cc1,c1ccccc1,c1ccccc1,0.12320723
processed_cluster/15694.sdf,processed_cluster/16393.sdf,CC(C)(C)c1ccc(N(C(=O)c2ccccn2)C(C(=O)NCCc2cccc(F)c2)c2cccnc2)cc1,CC(C)c1ccc(N(C(=O)c2ccco2)C(C(=O)NCCc2cccc(F)c2)c2cccnc2)cc1,c1ccccc1,c1ccccc1,0.12320723
processed_cluster/16393.sdf,processed_cluster/15694.sdf,CC(C)c1ccc(N(C(=O)c2ccco2)C(C(=O)NCCc2cccc(F)c2)c2cccnc2)cc1,CC(C)(C)c1ccc(N(C(=O)c2ccccn2)C(C(=O)NCCc2cccc(F)c2)c2cccnc2)cc1,c1ccccc1,c1ccccc1,0.12320723
processed_cluster/15694.sdf,processed_cluster/14347.sdf,CC(C)(C)c1ccc(N(C(=O)c2ccccn2)C(C(=O)NCCc2cccc(F)c2)c2cccnc2)cc1,COc1ccc(N(C(=O)c2ccco2)C(C(=O)NCCc2cccc(F)c2)c2cccnc2)cc1,c1ccccc1,c1ccccc1,0.12320723
processed_cluster/14347.sdf,processed_cluster/15694.sdf,COc1ccc(N(C(=O)c2ccco2)C(C(=O)NCCc2cccc(F)c2)c2cccnc2)cc1,CC(C)(C)c1ccc(N(C(=O)c2ccccn2)C(C(=O)NCCc2cccc(F)c2)c2cccnc2)cc1,c1ccccc1,c1ccccc1,0.12320723
processed_cluster/15694.sdf,processed_cluster/14349.sdf,CC(C)(C)c1ccc(N(C(=O)c2ccccn2)C(C(=O)NCCc2cccc(F)c2)c2cccnc2)cc1,N#Cc1ccc(N(C(=O)c2ccco2)C(C(=O)NCCc2cccc(F)c2)c2cccnc2)cc1,c1ccccc1,c1ccccc1,0.12320723
processed_cluster/14349.sdf,processed_cluster/15694.sdf,N#Cc1ccc(N(C(=O)c2ccco2)C(C(=O)NCCc2cccc(F)c2)c2cccnc2)cc1,CC(C)(C)c1ccc(N(C(=O)c2ccccn2)C(C(=O)NCCc2cccc(F)c2)c2cccnc2)cc1,c1ccccc1,c1ccccc1,0.12320723
processed_cluster/15694.sdf,processed_cluster/14348.sdf,CC(C)(C)c1ccc(N(C(=O)c2ccccn2)C(C(=O)NCCc2cccc(F)c2)c2cccnc2)cc1,CC(=O)c1ccc(N(C(=O)c2ccco2)C(C(=O)NCCc2cccc(F)c2)c2cccnc2)cc1,c1ccccc1,c1ccccc1,0.12320723
processed_cluster/14348.sdf,processed_cluster/15694.sdf,CC(=O)c1ccc(N(C(=O)c2ccco2)C(C(=O)NCCc2cccc(F)c2)c2cccnc2)cc1,CC(C)(C)c1ccc(N(C(=O)c2ccccn2)C(C(=O)NCCc2cccc(F)c2)c2cccnc2)cc1,c1ccccc1,c1ccccc1,0.12320723
processed_cluster/15694.sdf,processed_cluster/14359.sdf,CC(C)(C)c1ccc(N(C(=O)c2ccccn2)C(C(=O)NCCc2cccc(F)c2)c2cccnc2)cc1,O=C(NCCc1cccc(F)c1)C(c1cccnc1)N(C(=O)c1ccco1)c1ccc(C2CCCC2)cc1,c1ccccc1,c1ccccc1,0.12320723
processed_cluster/14359.sdf,processed_cluster/15694.sdf,O=C(NCCc1cccc(F)c1)C(c1cccnc1)N(C(=O)c1ccco1)c1ccc(C2CCCC2)cc1,CC(C)(C)c1ccc(N(C(=O)c2ccccn2)C(C(=O)NCCc2cccc(F)c2)c2cccnc2)cc1,c1ccccc1,c1ccccc1,0.12320723
processed_cluster/15694.sdf,processed_cluster/17333.sdf,CC(C)(C)c1ccc(N(C(=O)c2ccccn2)C(C(=O)NCCc2cccc(F)c2)c2cccnc2)cc1,O=C(NCCc1cccc(Cl)c1)C(c1cccnc1)N(C(=O)c1ccco1)c1ccc(Cl)cc1,c1ccccc1,c1ccccc1,0.12320723
processed_cluster/17333.sdf,processed_cluster/15694.sdf,O=C(NCCc1cccc(Cl)c1)C(c1cccnc1)N(C(=O)c1ccco1)c1ccc(Cl)cc1,CC(C)(C)c1ccc(N(C(=O)c2ccccn2)C(C(=O)NCCc2cccc(F)c2)c2cccnc2)cc1,c1ccccc1,c1ccccc1,0.12320723
processed_cluster/15694.sdf,processed_cluster/15697.sdf,CC(C)(C)c1ccc(N(C(=O)c2ccccn2)C(C(=O)NCCc2cccc(F)c2)c2cccnc2)cc1,CC(C)(C#N)c1ccc(N(C(=O)c2ccco2)C(C(=O)NCCc2cccc(F)c2)c2cccnc2)cc1,c1ccccc1,c1ccccc1,0.12320723
processed_cluster/15697.sdf,processed_cluster/15694.sdf,CC(C)(C#N)c1ccc(N(C(=O)c2ccco2)C(C(=O)NCCc2cccc(F)c2)c2cccnc2)cc1,CC(C)(C)c1ccc(N(C(=O)c2ccccn2)C(C(=O)NCCc2cccc(F)c2)c2cccnc2)cc1,c1ccccc1,c1ccccc1,0.12320723
processed_cluster/17334.sdf,processed_cluster/14392.sdf,O=C(NCCc1cccc(Cl)c1)C(c1cccnc1)N(C(=O)c1ccco1)c1cccnc1,CC(=O)c1ccc(N(C(=O)c2ccco2)C(C(=O)NCCc2cccc(F)c2)c2cccnc2)cc1,O=C(c1ccco1)c1c(Nc2cccnc2)c(CCc2cccc(Cl)c2)cc2cnccc12,CC(=O)c1ccc(Nc2c(NC(=O)c3ccco3)c(CCc3cccc(F)c3)cc3cnccc23)cc1,0.43841344
processed_cluster/14392.sdf,processed_cluster/17334.sdf,CC(=O)c1ccc(N(C(=O)c2ccco2)C(C(=O)NCCc2cccc(F)c2)c2cccnc2)cc1,O=C(NCCc1cccc(Cl)c1)C(c1cccnc1)N(C(=O)c1ccco1)c1cccnc1,CC(=O)c1ccc(Nc2c(CCc3cccc(F)c3)cc3cnccc3c2NC(=O)c2ccco2)cc1,O=C(c1ccco1)c1c(Nc2cccnc2)c(CCc2cccc(Cl)c2)cc2cnccc12,0.46848714
processed_cluster/17334.sdf,processed_cluster/14391.sdf,O=C(NCCc1cccc(Cl)c1)C(c1cccnc1)N(C(=O)c1ccco1)c1cccnc1,COc1ccc(N(C(=O)c2ccco2)C(C(=O)NCCc2cccc(F)c2)c2cccnc2)cc1,O=C(c1ccco1)c1c(Nc2cccnc2)c(CCc2cccc(Cl)c2)cc2ccncc12,COc1ccc(Nc2c(NC(=O)c3ccco3)c(CCc3cccc(F)c3)cc3ccncc23)cc1,0.40279636
processed_cluster/14391.sdf,processed_cluster/17334.sdf,COc1ccc(N(C(=O)c2ccco2)C(C(=O)NCCc2cccc(F)c2)c2cccnc2)cc1,O=C(NCCc1cccc(Cl)c1)C(c1cccnc1)N(C(=O)c1ccco1)c1cccnc1,COc1ccc(Nc2c(NC(=O)c3ccco3)c(CCc3cccc(F)c3)cc3cnccc23)cc1,O=C(c1ccco1)c1c(Nc2cccnc2)c(CCc2cccc(Cl)c2)cc2ccncc12,0.4443947
processed_cluster/17334.sdf,processed_cluster/14336.sdf,O=C(NCCc1cccc(Cl)c1)C(c1cccnc1)N(C(=O)c1ccco1)c1cccnc1,CC(C)c1cc(N(C(=O)c2ccco2)C(C(=O)NCCc2cccc(F)c2)c2cccnc2)ccc1C(F)(F)F,O=C(c1ccco1)c1c(Nc2cccnc2)c(CCc2cccc(Cl)c2)cc2ccncc12,CC(C)c1cc(Nc2c(CCc3cccc(F)c3)cc3ccncc3c2NC(=O)c2ccco2)ccc1C(F)(F)F,0.41810417
processed_cluster/14336.sdf,processed_cluster/17334.sdf,CC(C)c1cc(N(C(=O)c2ccco2)C(C(=O)NCCc2cccc(F)c2)c2cccnc2)ccc1C(F)(F)F,O=C(NCCc1cccc(Cl)c1)C(c1cccnc1)N(C(=O)c1ccco1)c1cccnc1,CC(C)c1cc(Nc2c(CCc3cccc(F)c3)cc3cnccc3c2NC(=O)c2ccco2)ccc1C(F)(F)F,O=C(c1ccco1)c1c(Nc2cccnc2)c(CCc2cccc(Cl)c2)cc2cnccc12,0.46689954
processed_cluster/17334.sdf,processed_cluster/16393.sdf,O=C(NCCc1cccc(Cl)c1)C(c1cccnc1)N(C(=O)c1ccco1)c1cccnc1,CC(C)c1ccc(N(C(=O)c2ccco2)C(C(=O)NCCc2cccc(F)c2)c2cccnc2)cc1,O=C(c1ccco1)c1c(Nc2cccnc2)c(CCc2cccc(Cl)c2)cc2cnccc12,CC(C)c1ccc(Nc2c(CCc3cccc(F)c3)cc3cnccc3c2NC(=O)c2ccco2)cc1,0.39062077
processed_cluster/16393.sdf,processed_cluster/17334.sdf,CC(C)c1ccc(N(C(=O)c2ccco2)C(C(=O)NCCc2cccc(F)c2)c2cccnc2)cc1,O=C(NCCc1cccc(Cl)c1)C(c1cccnc1)N(C(=O)c1ccco1)c1cccnc1,CC(C)c1ccc(Nc2c(NC(=O)c3ccco3)c(CCc3cccc(F)c3)cc3ccncc23)cc1,O=C(c1ccco1)c1c(Nc2cccnc2)c(CCc2cccc(Cl)c2)cc2cnccc12,0.4497009
processed_cluster/17334.sdf,processed_cluster/14347.sdf,O=C(NCCc1cccc(Cl)c1)C(c1cccnc1)N(C(=O)c1ccco1)c1cccnc1,COc1ccc(N(C(=O)c2ccco2)C(C(=O)NCCc2cccc(F)c2)c2cccnc2)cc1,O=C(c1ccco1)c1c(Nc2cccnc2)c(CCc2cccc(Cl)c2)cc2ccncc12,COc1ccc(Nc2c(NC(=O)c3ccco3)c(CCc3cccc(F)c3)cc3ccncc23)cc1,0.40279636
processed_cluster/14347.sdf,processed_cluster/17334.sdf,COc1ccc(N(C(=O)c2ccco2)C(C(=O)NCCc2cccc(F)c2)c2cccnc2)cc1,O=C(NCCc1cccc(Cl)c1)C(c1cccnc1)N(C(=O)c1ccco1)c1cccnc1,COc1ccc(Nc2c(CCc3cccc(F)c3)cc3ccncc3c2NC(=O)c2ccco2)cc1,O=C(c1ccco1)c1c(Nc2cccnc2)c(CCc2cccc(Cl)c2)cc2ccncc12,0.446734
processed_cluster/17334.sdf,processed_cluster/14349.sdf,O=C(NCCc1cccc(Cl)c1)C(c1cccnc1)N(C(=O)c1ccco1)c1cccnc1,N#Cc1ccc(N(C(=O)c2ccco2)C(C(=O)NCCc2cccc(F)c2)c2cccnc2)cc1,O=C(c1ccco1)c1c(Nc2cccnc2)c(CCc2cccc(Cl)c2)cc2ccncc12,N#Cc1ccc(Nc2c(CCc3cccc(F)c3)cc3cnccc3c2NC(=O)c2ccco2)cc1,0.4241438
processed_cluster/14349.sdf,processed_cluster/17334.sdf,N#Cc1ccc(N(C(=O)c2ccco2)C(C(=O)NCCc2cccc(F)c2)c2cccnc2)cc1,O=C(NCCc1cccc(Cl)c1)C(c1cccnc1)N(C(=O)c1ccco1)c1cccnc1,N#Cc1ccc(Nc2c(CCc3cccc(F)c3)cc3cnccc3c2NC(=O)c2ccco2)cc1,O=C(c1ccco1)c1c(Nc2cccnc2)c(CCc2cccc(Cl)c2)cc2cnccc12,0.46848038
processed_cluster/17334.sdf,processed_cluster/14348.sdf,O=C(NCCc1cccc(Cl)c1)C(c1cccnc1)N(C(=O)c1ccco1)c1cccnc1,CC(=O)c1ccc(N(C(=O)c2ccco2)C(C(=O)NCCc2cccc(F)c2)c2cccnc2)cc1,O=C(c1ccco1)c1c(Nc2cccnc2)c(CCc2cccc(Cl)c2)cc2cnccc12,CC(=O)c1ccc(Nc2c(NC(=O)c3ccco3)c(CCc3cccc(F)c3)cc3cnccc23)cc1,0.43841344
processed_cluster/14348.sdf,processed_cluster/17334.sdf,CC(=O)c1ccc(N(C(=O)c2ccco2)C(C(=O)NCCc2cccc(F)c2)c2cccnc2)cc1,O=C(NCCc1cccc(Cl)c1)C(c1cccnc1)N(C(=O)c1ccco1)c1cccnc1,CC(=O)c1ccc(Nc2c(NC(=O)c3ccco3)c(CCc3cccc(F)c3)cc3ccncc23)cc1,O=C(c1ccco1)c1c(Nc2cccnc2)c(CCc2cccc(Cl)c2)cc2ccncc12,0.4741493
processed_cluster/17334.sdf,processed_cluster/14359.sdf,O=C(NCCc1cccc(Cl)c1)C(c1cccnc1)N(C(=O)c1ccco1)c1cccnc1,O=C(NCCc1cccc(F)c1)C(c1cccnc1)N(C(=O)c1ccco1)c1ccc(C2CCCC2)cc1,O=C(c1ccco1)c1c(Nc2cccnc2)c(CCc2cccc(Cl)c2)cc2ccncc12,O=C(c1ccco1)c1c(Nc2ccc(C3CCCC3)cc2)c(CCc2cccc(F)c2)cc2cnccc12,0.43588668
processed_cluster/14359.sdf,processed_cluster/17334.sdf,O=C(NCCc1cccc(F)c1)C(c1cccnc1)N(C(=O)c1ccco1)c1ccc(C2CCCC2)cc1,O=C(NCCc1cccc(Cl)c1)C(c1cccnc1)N(C(=O)c1ccco1)c1cccnc1,O=C(c1ccco1)c1c(Nc2ccc(C3CCCC3)cc2)c(CCc2cccc(F)c2)cc2cnccc12,O=C(c1ccco1)c1c(Nc2cccnc2)c(CCc2cccc(Cl)c2)cc2ccncc12,0.4296506
processed_cluster/17334.sdf,processed_cluster/17333.sdf,O=C(NCCc1cccc(Cl)c1)C(c1cccnc1)N(C(=O)c1ccco1)c1cccnc1,O=C(NCCc1cccc(Cl)c1)C(c1cccnc1)N(C(=O)c1ccco1)c1ccc(Cl)cc1,O=C(c1ccco1)c1c(Nc2cccnc2)c(CCc2cccc(Cl)c2)cc2ccncc12,O=C(c1ccco1)c1c(Nc2ccc(Cl)cc2)c(CCc2cccc(Cl)c2)cc2ccncc12,0.34037745
processed_cluster/17333.sdf,processed_cluster/17334.sdf,O=C(NCCc1cccc(Cl)c1)C(c1cccnc1)N(C(=O)c1ccco1)c1ccc(Cl)cc1,O=C(NCCc1cccc(Cl)c1)C(c1cccnc1)N(C(=O)c1ccco1)c1cccnc1,O=C(c1ccco1)c1c(Nc2ccc(Cl)cc2)c(CCc2cccc(Cl)c2)cc2ccncc12,O=C(c1ccco1)c1c(Nc2cccnc2)c(CCc2cccc(Cl)c2)cc2ccncc12,0.44035918
processed_cluster/17334.sdf,processed_cluster/15697.sdf,O=C(NCCc1cccc(Cl)c1)C(c1cccnc1)N(C(=O)c1ccco1)c1cccnc1,CC(C)(C#N)c1ccc(N(C(=O)c2ccco2)C(C(=O)NCCc2cccc(F)c2)c2cccnc2)cc1,O=C(c1ccco1)c1c(Nc2cccnc2)c(CCc2cccc(Cl)c2)cc2ccncc12,CC(C)(C#N)c1ccc(Nc2c(NC(=O)c3ccco3)c(CCc3cccc(F)c3)cc3ccncc23)cc1,0.36713326
processed_cluster/15697.sdf,processed_cluster/17334.sdf,CC(C)(C#N)c1ccc(N(C(=O)c2ccco2)C(C(=O)NCCc2cccc(F)c2)c2cccnc2)cc1,O=C(NCCc1cccc(Cl)c1)C(c1cccnc1)N(C(=O)c1ccco1)c1cccnc1,CC(C)(C#N)c1ccc(Nc2c(NC(=O)c3ccco3)c(CCc3cccc(F)c3)cc3ccncc23)cc1,O=C(c1ccco1)c1c(Nc2cccnc2)c(CCc2cccc(Cl)c2)cc2cnccc12,0.43213767
processed_cluster/14392.sdf,processed_cluster/14391.sdf,CC(=O)c1ccc(N(C(=O)c2ccco2)C(C(=O)NCCc2cccc(F)c2)c2cccnc2)cc1,COc1ccc(N(C(=O)c2ccco2)C(C(=O)NCCc2cccc(F)c2)c2cccnc2)cc1,CC(=O)c1ccccc1,COc1ccccc1,0.16698828
processed_cluster/14391.sdf,processed_cluster/14392.sdf,COc1ccc(N(C(=O)c2ccco2)C(C(=O)NCCc2cccc(F)c2)c2cccnc2)cc1,CC(=O)c1ccc(N(C(=O)c2ccco2)C(C(=O)NCCc2cccc(F)c2)c2cccnc2)cc1,COc1ccccc1,CC(=O)c1ccccc1,0.17812806
processed_cluster/14392.sdf,processed_cluster/14336.sdf,CC(=O)c1ccc(N(C(=O)c2ccco2)C(C(=O)NCCc2cccc(F)c2)c2cccnc2)cc1,CC(C)c1cc(N(C(=O)c2ccco2)C(C(=O)NCCc2cccc(F)c2)c2cccnc2)ccc1C(F)(F)F,c1ccccc1,c1ccccc1,0.12320723
processed_cluster/14336.sdf,processed_cluster/14392.sdf,CC(C)c1cc(N(C(=O)c2ccco2)C(C(=O)NCCc2cccc(F)c2)c2cccnc2)ccc1C(F)(F)F,CC(=O)c1ccc(N(C(=O)c2ccco2)C(C(=O)NCCc2cccc(F)c2)c2cccnc2)cc1,c1ccccc1,c1ccccc1,0.12320723
processed_cluster/14392.sdf,processed_cluster/16393.sdf,CC(=O)c1ccc(N(C(=O)c2ccco2)C(C(=O)NCCc2cccc(F)c2)c2cccnc2)cc1,CC(C)c1ccc(N(C(=O)c2ccco2)C(C(=O)NCCc2cccc(F)c2)c2cccnc2)cc1,O=Cc1ccccc1,CCc1ccccc1,0.1751654
processed_cluster/16393.sdf,processed_cluster/14392.sdf,CC(C)c1ccc(N(C(=O)c2ccco2)C(C(=O)NCCc2cccc(F)c2)c2cccnc2)cc1,CC(=O)c1ccc(N(C(=O)c2ccco2)C(C(=O)NCCc2cccc(F)c2)c2cccnc2)cc1,CCc1ccccc1,O=Cc1ccccc1,0.19103807
processed_cluster/14392.sdf,processed_cluster/14347.sdf,CC(=O)c1ccc(N(C(=O)c2ccco2)C(C(=O)NCCc2cccc(F)c2)c2cccnc2)cc1,COc1ccc(N(C(=O)c2ccco2)C(C(=O)NCCc2cccc(F)c2)c2cccnc2)cc1,CC(=O)c1ccccc1,COc1ccccc1,0.16698828
processed_cluster/14347.sdf,processed_cluster/14392.sdf,COc1ccc(N(C(=O)c2ccco2)C(C(=O)NCCc2cccc(F)c2)c2cccnc2)cc1,CC(=O)c1ccc(N(C(=O)c2ccco2)C(C(=O)NCCc2cccc(F)c2)c2cccnc2)cc1,COc1ccccc1,CC(=O)c1ccccc1,0.17812806
processed_cluster/14392.sdf,processed_cluster/14349.sdf,CC(=O)c1ccc(N(C(=O)c2ccco2)C(C(=O)NCCc2cccc(F)c2)c2cccnc2)cc1,N#Cc1ccc(N(C(=O)c2ccco2)C(C(=O)NCCc2cccc(F)c2)c2cccnc2)cc1,CC(=O)c1ccccc1,N#Cc1ccccc1,0.16564614
processed_cluster/14349.sdf,processed_cluster/14392.sdf,N#Cc1ccc(N(C(=O)c2ccco2)C(C(=O)NCCc2cccc(F)c2)c2cccnc2)cc1,CC(=O)c1ccc(N(C(=O)c2ccco2)C(C(=O)NCCc2cccc(F)c2)c2cccnc2)cc1,N#Cc1ccccc1,CC(=O)c1ccccc1,0.21340844
processed_cluster/14392.sdf,processed_cluster/14348.sdf,CC(=O)c1ccc(N(C(=O)c2ccco2)C(C(=O)NCCc2cccc(F)c2)c2cccnc2)cc1,CC(=O)c1ccc(N(C(=O)c2ccco2)C(C(=O)NCCc2cccc(F)c2)c2cccnc2)cc1,c1ccccc1,c1ccccc1,0.12320723
processed_cluster/14348.sdf,processed_cluster/14392.sdf,CC(=O)c1ccc(N(C(=O)c2ccco2)C(C(=O)NCCc2cccc(F)c2)c2cccnc2)cc1,CC(=O)c1ccc(N(C(=O)c2ccco2)C(C(=O)NCCc2cccc(F)c2)c2cccnc2)cc1,c1ccccc1,c1ccccc1,0.12320723
processed_cluster/14392.sdf,processed_cluster/14359.sdf,CC(=O)c1ccc(N(C(=O)c2ccco2)C(C(=O)NCCc2cccc(F)c2)c2cccnc2)cc1,O=C(NCCc1cccc(F)c1)C(c1cccnc1)N(C(=O)c1ccco1)c1ccc(C2CCCC2)cc1,CC(=O)c1ccccc1,c1ccc(C2CCCC2)cc1,0.3164707
processed_cluster/14359.sdf,processed_cluster/14392.sdf,O=C(NCCc1cccc(F)c1)C(c1cccnc1)N(C(=O)c1ccco1)c1ccc(C2CCCC2)cc1,CC(=O)c1ccc(N(C(=O)c2ccco2)C(C(=O)NCCc2cccc(F)c2)c2cccnc2)cc1,c1ccc(C2CCCC2)cc1,CC(=O)c1ccccc1,0.22918528
processed_cluster/14392.sdf,processed_cluster/17333.sdf,CC(=O)c1ccc(N(C(=O)c2ccco2)C(C(=O)NCCc2cccc(F)c2)c2cccnc2)cc1,O=C(NCCc1cccc(Cl)c1)C(c1cccnc1)N(C(=O)c1ccco1)c1ccc(Cl)cc1,c1ccccc1,c1ccccc1,0.12320723
processed_cluster/17333.sdf,processed_cluster/14392.sdf,O=C(NCCc1cccc(Cl)c1)C(c1cccnc1)N(C(=O)c1ccco1)c1ccc(Cl)cc1,CC(=O)c1ccc(N(C(=O)c2ccco2)C(C(=O)NCCc2cccc(F)c2)c2cccnc2)cc1,c1ccccc1,c1ccccc1,0.12320723
processed_cluster/14392.sdf,processed_cluster/15697.sdf,CC(=O)c1ccc(N(C(=O)c2ccco2)C(C(=O)NCCc2cccc(F)c2)c2cccnc2)cc1,CC(C)(C#N)c1ccc(N(C(=O)c2ccco2)C(C(=O)NCCc2cccc(F)c2)c2cccnc2)cc1,O=Cc1ccccc1,CC(C#N)c1ccccc1,0.1905758
processed_cluster/15697.sdf,processed_cluster/14392.sdf,CC(C)(C#N)c1ccc(N(C(=O)c2ccco2)C(C(=O)NCCc2cccc(F)c2)c2cccnc2)cc1,CC(=O)c1ccc(N(C(=O)c2ccco2)C(C(=O)NCCc2cccc(F)c2)c2cccnc2)cc1,CC(C#N)c1ccccc1,O=Cc1ccccc1,0.24498385
processed_cluster/14391.sdf,processed_cluster/14336.sdf,COc1ccc(N(C(=O)c2ccco2)C(C(=O)NCCc2cccc(F)c2)c2cccnc2)cc1,CC(C)c1cc(N(C(=O)c2ccco2)C(C(=O)NCCc2cccc(F)c2)c2cccnc2)ccc1C(F)(F)F,COc1ccccc1,CC1(C)CCCCC1C(F)(F)F,0.5122022
processed_cluster/14336.sdf,processed_cluster/14391.sdf,CC(C)c1cc(N(C(=O)c2ccco2)C(C(=O)NCCc2cccc(F)c2)c2cccnc2)ccc1C(F)(F)F,COc1ccc(N(C(=O)c2ccco2)C(C(=O)NCCc2cccc(F)c2)c2cccnc2)cc1,CC1(C)CCCCC1C(F)(F)F,COc1ccccc1,0.56154543
processed_cluster/14391.sdf,processed_cluster/16393.sdf,COc1ccc(N(C(=O)c2ccco2)C(C(=O)NCCc2cccc(F)c2)c2cccnc2)cc1,CC(C)c1ccc(N(C(=O)c2ccco2)C(C(=O)NCCc2cccc(F)c2)c2cccnc2)cc1,COc1ccccc1,CC(C)c1ccccc1,0.12131807
processed_cluster/16393.sdf,processed_cluster/14391.sdf,CC(C)c1ccc(N(C(=O)c2ccco2)C(C(=O)NCCc2cccc(F)c2)c2cccnc2)cc1,COc1ccc(N(C(=O)c2ccco2)C(C(=O)NCCc2cccc(F)c2)c2cccnc2)cc1,CC(C)c1ccccc1,COc1ccccc1,0.14656824
processed_cluster/14391.sdf,processed_cluster/14347.sdf,COc1ccc(N(C(=O)c2ccco2)C(C(=O)NCCc2cccc(F)c2)c2cccnc2)cc1,COc1ccc(N(C(=O)c2ccco2)C(C(=O)NCCc2cccc(F)c2)c2cccnc2)cc1,c1ccccc1,c1ccccc1,0.12320723
processed_cluster/14347.sdf,processed_cluster/14391.sdf,COc1ccc(N(C(=O)c2ccco2)C(C(=O)NCCc2cccc(F)c2)c2cccnc2)cc1,COc1ccc(N(C(=O)c2ccco2)C(C(=O)NCCc2cccc(F)c2)c2cccnc2)cc1,c1ccccc1,c1ccccc1,0.12320723
processed_cluster/14391.sdf,processed_cluster/14349.sdf,COc1ccc(N(C(=O)c2ccco2)C(C(=O)NCCc2cccc(F)c2)c2cccnc2)cc1,N#Cc1ccc(N(C(=O)c2ccco2)C(C(=O)NCCc2cccc(F)c2)c2cccnc2)cc1,COc1ccccc1,N#Cc1ccccc1,0.12876067
processed_cluster/14349.sdf,processed_cluster/14391.sdf,N#Cc1ccc(N(C(=O)c2ccco2)C(C(=O)NCCc2cccc(F)c2)c2cccnc2)cc1,COc1ccc(N(C(=O)c2ccco2)C(C(=O)NCCc2cccc(F)c2)c2cccnc2)cc1,N#Cc1ccccc1,COc1ccccc1,0.1519733
processed_cluster/14391.sdf,processed_cluster/14348.sdf,COc1ccc(N(C(=O)c2ccco2)C(C(=O)NCCc2cccc(F)c2)c2cccnc2)cc1,CC(=O)c1ccc(N(C(=O)c2ccco2)C(C(=O)NCCc2cccc(F)c2)c2cccnc2)cc1,COc1ccccc1,CC(=O)c1ccccc1,0.17812806
processed_cluster/14348.sdf,processed_cluster/14391.sdf,CC(=O)c1ccc(N(C(=O)c2ccco2)C(C(=O)NCCc2cccc(F)c2)c2cccnc2)cc1,COc1ccc(N(C(=O)c2ccco2)C(C(=O)NCCc2cccc(F)c2)c2cccnc2)cc1,CC(=O)c1ccccc1,COc1ccccc1,0.16698828
processed_cluster/14391.sdf,processed_cluster/14359.sdf,COc1ccc(N(C(=O)c2ccco2)C(C(=O)NCCc2cccc(F)c2)c2cccnc2)cc1,O=C(NCCc1cccc(F)c1)C(c1cccnc1)N(C(=O)c1ccco1)c1ccc(C2CCCC2)cc1,COc1ccccc1,c1ccc(C2CCCC2)cc1,0.26675445
processed_cluster/14359.sdf,processed_cluster/14391.sdf,O=C(NCCc1cccc(F)c1)C(c1cccnc1)N(C(=O)c1ccco1)c1ccc(C2CCCC2)cc1,COc1ccc(N(C(=O)c2ccco2)C(C(=O)NCCc2cccc(F)c2)c2cccnc2)cc1,c1ccc(C2CCCC2)cc1,COc1ccccc1,0.18035412
processed_cluster/14391.sdf,processed_cluster/17333.sdf,COc1ccc(N(C(=O)c2ccco2)C(C(=O)NCCc2cccc(F)c2)c2cccnc2)cc1,O=C(NCCc1cccc(Cl)c1)C(c1cccnc1)N(C(=O)c1ccco1)c1ccc(Cl)cc1,c1ccccc1,c1ccccc1,0.12320723
processed_cluster/17333.sdf,processed_cluster/14391.sdf,O=C(NCCc1cccc(Cl)c1)C(c1cccnc1)N(C(=O)c1ccco1)c1ccc(Cl)cc1,COc1ccc(N(C(=O)c2ccco2)C(C(=O)NCCc2cccc(F)c2)c2cccnc2)cc1,c1ccccc1,c1ccccc1,0.12320723
processed_cluster/14391.sdf,processed_cluster/15697.sdf,COc1ccc(N(C(=O)c2ccco2)C(C(=O)NCCc2cccc(F)c2)c2cccnc2)cc1,CC(C)(C#N)c1ccc(N(C(=O)c2ccco2)C(C(=O)NCCc2cccc(F)c2)c2cccnc2)cc1,COc1ccccc1,CC(C)(C#N)c1ccccc1,0.12695271
processed_cluster/15697.sdf,processed_cluster/14391.sdf,CC(C)(C#N)c1ccc(N(C(=O)c2ccco2)C(C(=O)NCCc2cccc(F)c2)c2cccnc2)cc1,COc1ccc(N(C(=O)c2ccco2)C(C(=O)NCCc2cccc(F)c2)c2cccnc2)cc1,CC(C)(C#N)c1ccccc1,COc1ccccc1,0.14239612
processed_cluster/14336.sdf,processed_cluster/16393.sdf,CC(C)c1cc(N(C(=O)c2ccco2)C(C(=O)NCCc2cccc(F)c2)c2cccnc2)ccc1C(F)(F)F,CC(C)c1ccc(N(C(=O)c2ccco2)C(C(=O)NCCc2cccc(F)c2)c2cccnc2)cc1,c1ccccc1,c1ccccc1,0.12320723
processed_cluster/16393.sdf,processed_cluster/14336.sdf,CC(C)c1ccc(N(C(=O)c2ccco2)C(C(=O)NCCc2cccc(F)c2)c2cccnc2)cc1,CC(C)c1cc(N(C(=O)c2ccco2)C(C(=O)NCCc2cccc(F)c2)c2cccnc2)ccc1C(F)(F)F,c1ccccc1,c1ccccc1,0.12320723
processed_cluster/14336.sdf,processed_cluster/14347.sdf,CC(C)c1cc(N(C(=O)c2ccco2)C(C(=O)NCCc2cccc(F)c2)c2cccnc2)ccc1C(F)(F)F,COc1ccc(N(C(=O)c2ccco2)C(C(=O)NCCc2cccc(F)c2)c2cccnc2)cc1,CC1(C)CCCCC1C(F)(F)F,COc1ccccc1,0.56154543
processed_cluster/14347.sdf,processed_cluster/14336.sdf,COc1ccc(N(C(=O)c2ccco2)C(C(=O)NCCc2cccc(F)c2)c2cccnc2)cc1,CC(C)c1cc(N(C(=O)c2ccco2)C(C(=O)NCCc2cccc(F)c2)c2cccnc2)ccc1C(F)(F)F,COc1ccccc1,CC1(C)CCCCC1C(F)(F)F,0.5122022
processed_cluster/14336.sdf,processed_cluster/14349.sdf,CC(C)c1cc(N(C(=O)c2ccco2)C(C(=O)NCCc2cccc(F)c2)c2cccnc2)ccc1C(F)(F)F,N#Cc1ccc(N(C(=O)c2ccco2)C(C(=O)NCCc2cccc(F)c2)c2cccnc2)cc1,c1ccccc1,c1ccccc1,0.12320723
processed_cluster/14349.sdf,processed_cluster/14336.sdf,N#Cc1ccc(N(C(=O)c2ccco2)C(C(=O)NCCc2cccc(F)c2)c2cccnc2)cc1,CC(C)c1cc(N(C(=O)c2ccco2)C(C(=O)NCCc2cccc(F)c2)c2cccnc2)ccc1C(F)(F)F,c1ccccc1,c1ccccc1,0.12320723
processed_cluster/14336.sdf,processed_cluster/14348.sdf,CC(C)c1cc(N(C(=O)c2ccco2)C(C(=O)NCCc2cccc(F)c2)c2cccnc2)ccc1C(F)(F)F,CC(=O)c1ccc(N(C(=O)c2ccco2)C(C(=O)NCCc2cccc(F)c2)c2cccnc2)cc1,c1ccccc1,c1ccccc1,0.12320723
processed_cluster/14348.sdf,processed_cluster/14336.sdf,CC(=O)c1ccc(N(C(=O)c2ccco2)C(C(=O)NCCc2cccc(F)c2)c2cccnc2)cc1,CC(C)c1cc(N(C(=O)c2ccco2)C(C(=O)NCCc2cccc(F)c2)c2cccnc2)ccc1C(F)(F)F,c1ccccc1,c1ccccc1,0.12320723
processed_cluster/14336.sdf,processed_cluster/14359.sdf,CC(C)c1cc(N(C(=O)c2ccco2)C(C(=O)NCCc2cccc(F)c2)c2cccnc2)ccc1C(F)(F)F,O=C(NCCc1cccc(F)c1)C(c1cccnc1)N(C(=O)c1ccco1)c1ccc(C2CCCC2)cc1,c1ccccc1,c1ccccc1,0.12320723
processed_cluster/14359.sdf,processed_cluster/14336.sdf,O=C(NCCc1cccc(F)c1)C(c1cccnc1)N(C(=O)c1ccco1)c1ccc(C2CCCC2)cc1,CC(C)c1cc(N(C(=O)c2ccco2)C(C(=O)NCCc2cccc(F)c2)c2cccnc2)ccc1C(F)(F)F,c1ccccc1,c1ccccc1,0.12320723
processed_cluster/14336.sdf,processed_cluster/17333.sdf,CC(C)c1cc(N(C(=O)c2ccco2)C(C(=O)NCCc2cccc(F)c2)c2cccnc2)ccc1C(F)(F)F,O=C(NCCc1cccc(Cl)c1)C(c1cccnc1)N(C(=O)c1ccco1)c1ccc(Cl)cc1,CC1(C)CCCC(C(F)(F)F)C1F,Clc1cccccl1,0.8178092
processed_cluster/17333.sdf,processed_cluster/14336.sdf,O=C(NCCc1cccc(Cl)c1)C(c1cccnc1)N(C(=O)c1ccco1)c1ccc(Cl)cc1,CC(C)c1cc(N(C(=O)c2ccco2)C(C(=O)NCCc2cccc(F)c2)c2cccnc2)ccc1C(F)(F)F,Clc1cccccl1,CC1(C)CCCC(C(F)(F)F)C1F,0.74464756
processed_cluster/14336.sdf,processed_cluster/15697.sdf,CC(C)c1cc(N(C(=O)c2ccco2)C(C(=O)NCCc2cccc(F)c2)c2cccnc2)ccc1C(F)(F)F,CC(C)(C#N)c1ccc(N(C(=O)c2ccco2)C(C(=O)NCCc2cccc(F)c2)c2cccnc2)cc1,c1ccccc1,c1ccccc1,0.12320723
processed_cluster/15697.sdf,processed_cluster/14336.sdf,CC(C)(C#N)c1ccc(N(C(=O)c2ccco2)C(C(=O)NCCc2cccc(F)c2)c2cccnc2)cc1,CC(C)c1cc(N(C(=O)c2ccco2)C(C(=O)NCCc2cccc(F)c2)c2cccnc2)ccc1C(F)(F)F,c1ccccc1,c1ccccc1,0.12320723
processed_cluster/16393.sdf,processed_cluster/14347.sdf,CC(C)c1ccc(N(C(=O)c2ccco2)C(C(=O)NCCc2cccc(F)c2)c2cccnc2)cc1,COc1ccc(N(C(=O)c2ccco2)C(C(=O)NCCc2cccc(F)c2)c2cccnc2)cc1,CC(C)c1ccccc1,COc1ccccc1,0.14656824
processed_cluster/14347.sdf,processed_cluster/16393.sdf,COc1ccc(N(C(=O)c2ccco2)C(C(=O)NCCc2cccc(F)c2)c2cccnc2)cc1,CC(C)c1ccc(N(C(=O)c2ccco2)C(C(=O)NCCc2cccc(F)c2)c2cccnc2)cc1,COc1ccccc1,CC(C)c1ccccc1,0.12131807
processed_cluster/16393.sdf,processed_cluster/14349.sdf,CC(C)c1ccc(N(C(=O)c2ccco2)C(C(=O)NCCc2cccc(F)c2)c2cccnc2)cc1,N#Cc1ccc(N(C(=O)c2ccco2)C(C(=O)NCCc2cccc(F)c2)c2cccnc2)cc1,CC(C)c1ccccc1,N#Cc1ccccc1,0.14584352
processed_cluster/14349.sdf,processed_cluster/16393.sdf,N#Cc1ccc(N(C(=O)c2ccco2)C(C(=O)NCCc2cccc(F)c2)c2cccnc2)cc1,CC(C)c1ccc(N(C(=O)c2ccco2)C(C(=O)NCCc2cccc(F)c2)c2cccnc2)cc1,N#Cc1ccccc1,CC(C)c1ccccc1,0.1666276
processed_cluster/16393.sdf,processed_cluster/14348.sdf,CC(C)c1ccc(N(C(=O)c2ccco2)C(C(=O)NCCc2cccc(F)c2)c2cccnc2)cc1,CC(=O)c1ccc(N(C(=O)c2ccco2)C(C(=O)NCCc2cccc(F)c2)c2cccnc2)cc1,CCc1ccccc1,O=Cc1ccccc1,0.19103807
processed_cluster/14348.sdf,processed_cluster/16393.sdf,CC(=O)c1ccc(N(C(=O)c2ccco2)C(C(=O)NCCc2cccc(F)c2)c2cccnc2)cc1,CC(C)c1ccc(N(C(=O)c2ccco2)C(C(=O)NCCc2cccc(F)c2)c2cccnc2)cc1,O=Cc1ccccc1,CCc1ccccc1,0.1751654
processed_cluster/16393.sdf,processed_cluster/14359.sdf,CC(C)c1ccc(N(C(=O)c2ccco2)C(C(=O)NCCc2cccc(F)c2)c2cccnc2)cc1,O=C(NCCc1cccc(F)c1)C(c1cccnc1)N(C(=O)c1ccco1)c1ccc(C2CCCC2)cc1,CC(C)c1ccccc1,c1ccc(C2CCCC2)cc1,0.29119828
processed_cluster/14359.sdf,processed_cluster/16393.sdf,O=C(NCCc1cccc(F)c1)C(c1cccnc1)N(C(=O)c1ccco1)c1ccc(C2CCCC2)cc1,CC(C)c1ccc(N(C(=O)c2ccco2)C(C(=O)NCCc2cccc(F)c2)c2cccnc2)cc1,c1ccc(C2CCCC2)cc1,CC(C)c1ccccc1,0.18337023
processed_cluster/16393.sdf,processed_cluster/17333.sdf,CC(C)c1ccc(N(C(=O)c2ccco2)C(C(=O)NCCc2cccc(F)c2)c2cccnc2)cc1,O=C(NCCc1cccc(Cl)c1)C(c1cccnc1)N(C(=O)c1ccco1)c1ccc(Cl)cc1,CC1(C)CCCCC1F,Clc1cccccl1,0.34792292
processed_cluster/17333.sdf,processed_cluster/16393.sdf,O=C(NCCc1cccc(Cl)c1)C(c1cccnc1)N(C(=O)c1ccco1)c1ccc(Cl)cc1,CC(C)c1ccc(N(C(=O)c2ccco2)C(C(=O)NCCc2cccc(F)c2)c2cccnc2)cc1,Clc1cccccl1,CC1(C)CCCCC1F,0.42611286
processed_cluster/16393.sdf,processed_cluster/15697.sdf,CC(C)c1ccc(N(C(=O)c2ccco2)C(C(=O)NCCc2cccc(F)c2)c2cccnc2)cc1,CC(C)(C#N)c1ccc(N(C(=O)c2ccco2)C(C(=O)NCCc2cccc(F)c2)c2cccnc2)cc1,c1ccccc1,N#CCc1ccccc1,0.15540904
processed_cluster/15697.sdf,processed_cluster/16393.sdf,CC(C)(C#N)c1ccc(N(C(=O)c2ccco2)C(C(=O)NCCc2cccc(F)c2)c2cccnc2)cc1,CC(C)c1ccc(N(C(=O)c2ccco2)C(C(=O)NCCc2cccc(F)c2)c2cccnc2)cc1,N#CCc1ccccc1,c1ccccc1,0.14727305
processed_cluster/14347.sdf,processed_cluster/14349.sdf,COc1ccc(N(C(=O)c2ccco2)C(C(=O)NCCc2cccc(F)c2)c2cccnc2)cc1,N#Cc1ccc(N(C(=O)c2ccco2)C(C(=O)NCCc2cccc(F)c2)c2cccnc2)cc1,COc1ccccc1,N#Cc1ccccc1,0.12876067
processed_cluster/14349.sdf,processed_cluster/14347.sdf,N#Cc1ccc(N(C(=O)c2ccco2)C(C(=O)NCCc2cccc(F)c2)c2cccnc2)cc1,COc1ccc(N(C(=O)c2ccco2)C(C(=O)NCCc2cccc(F)c2)c2cccnc2)cc1,N#Cc1ccccc1,COc1ccccc1,0.1519733
processed_cluster/14347.sdf,processed_cluster/14348.sdf,COc1ccc(N(C(=O)c2ccco2)C(C(=O)NCCc2cccc(F)c2)c2cccnc2)cc1,CC(=O)c1ccc(N(C(=O)c2ccco2)C(C(=O)NCCc2cccc(F)c2)c2cccnc2)cc1,COc1ccccc1,CC(=O)c1ccccc1,0.17812806
processed_cluster/14348.sdf,processed_cluster/14347.sdf,CC(=O)c1ccc(N(C(=O)c2ccco2)C(C(=O)NCCc2cccc(F)c2)c2cccnc2)cc1,COc1ccc(N(C(=O)c2ccco2)C(C(=O)NCCc2cccc(F)c2)c2cccnc2)cc1,CC(=O)c1ccccc1,COc1ccccc1,0.16698828
processed_cluster/14347.sdf,processed_cluster/14359.sdf,COc1ccc(N(C(=O)c2ccco2)C(C(=O)NCCc2cccc(F)c2)c2cccnc2)cc1,O=C(NCCc1cccc(F)c1)C(c1cccnc1)N(C(=O)c1ccco1)c1ccc(C2CCCC2)cc1,COc1ccccc1,c1ccc(C2CCCC2)cc1,0.26675445
processed_cluster/14359.sdf,processed_cluster/14347.sdf,O=C(NCCc1cccc(F)c1)C(c1cccnc1)N(C(=O)c1ccco1)c1ccc(C2CCCC2)cc1,COc1ccc(N(C(=O)c2ccco2)C(C(=O)NCCc2cccc(F)c2)c2cccnc2)cc1,c1ccc(C2CCCC2)cc1,COc1ccccc1,0.18035412
processed_cluster/14347.sdf,processed_cluster/17333.sdf,COc1ccc(N(C(=O)c2ccco2)C(C(=O)NCCc2cccc(F)c2)c2cccnc2)cc1,O=C(NCCc1cccc(Cl)c1)C(c1cccnc1)N(C(=O)c1ccco1)c1ccc(Cl)cc1,c1ccccc1,c1ccccc1,0.12320723
processed_cluster/17333.sdf,processed_cluster/14347.sdf,O=C(NCCc1cccc(Cl)c1)C(c1cccnc1)N(C(=O)c1ccco1)c1ccc(Cl)cc1,COc1ccc(N(C(=O)c2ccco2)C(C(=O)NCCc2cccc(F)c2)c2cccnc2)cc1,c1ccccc1,c1ccccc1,0.12320723
processed_cluster/14347.sdf,processed_cluster/15697.sdf,COc1ccc(N(C(=O)c2ccco2)C(C(=O)NCCc2cccc(F)c2)c2cccnc2)cc1,CC(C)(C#N)c1ccc(N(C(=O)c2ccco2)C(C(=O)NCCc2cccc(F)c2)c2cccnc2)cc1,COc1ccccc1,CC(C)(C#N)c1ccccc1,0.12695271
processed_cluster/15697.sdf,processed_cluster/14347.sdf,CC(C)(C#N)c1ccc(N(C(=O)c2ccco2)C(C(=O)NCCc2cccc(F)c2)c2cccnc2)cc1,COc1ccc(N(C(=O)c2ccco2)C(C(=O)NCCc2cccc(F)c2)c2cccnc2)cc1,CC(C)(C#N)c1ccccc1,COc1ccccc1,0.14239612
processed_cluster/14349.sdf,processed_cluster/14348.sdf,N#Cc1ccc(N(C(=O)c2ccco2)C(C(=O)NCCc2cccc(F)c2)c2cccnc2)cc1,CC(=O)c1ccc(N(C(=O)c2ccco2)C(C(=O)NCCc2cccc(F)c2)c2cccnc2)cc1,N#Cc1ccccc1,CC(=O)c1ccccc1,0.21340844
processed_cluster/14348.sdf,processed_cluster/14349.sdf,CC(=O)c1ccc(N(C(=O)c2ccco2)C(C(=O)NCCc2cccc(F)c2)c2cccnc2)cc1,N#Cc1ccc(N(C(=O)c2ccco2)C(C(=O)NCCc2cccc(F)c2)c2cccnc2)cc1,CC(=O)c1ccccc1,N#Cc1ccccc1,0.16564614
processed_cluster/14349.sdf,processed_cluster/14359.sdf,N#Cc1ccc(N(C(=O)c2ccco2)C(C(=O)NCCc2cccc(F)c2)c2cccnc2)cc1,O=C(NCCc1cccc(F)c1)C(c1cccnc1)N(C(=O)c1ccco1)c1ccc(C2CCCC2)cc1,N#Cc1ccccc1,c1ccc(C2CCCC2)cc1,0.30547956
processed_cluster/14359.sdf,processed_cluster/14349.sdf,O=C(NCCc1cccc(F)c1)C(c1cccnc1)N(C(=O)c1ccco1)c1ccc(C2CCCC2)cc1,N#Cc1ccc(N(C(=O)c2ccco2)C(C(=O)NCCc2cccc(F)c2)c2cccnc2)cc1,c1ccc(C2CCCC2)cc1,N#Cc1ccccc1,0.17091107
processed_cluster/14349.sdf,processed_cluster/17333.sdf,N#Cc1ccc(N(C(=O)c2ccco2)C(C(=O)NCCc2cccc(F)c2)c2cccnc2)cc1,O=C(NCCc1cccc(Cl)c1)C(c1cccnc1)N(C(=O)c1ccco1)c1ccc(Cl)cc1,c1ccccc1,c1ccccc1,0.12320723
processed_cluster/17333.sdf,processed_cluster/14349.sdf,O=C(NCCc1cccc(Cl)c1)C(c1cccnc1)N(C(=O)c1ccco1)c1ccc(Cl)cc1,N#Cc1ccc(N(C(=O)c2ccco2)C(C(=O)NCCc2cccc(F)c2)c2cccnc2)cc1,c1ccccc1,c1ccccc1,0.12320723
processed_cluster/14349.sdf,processed_cluster/15697.sdf,N#Cc1ccc(N(C(=O)c2ccco2)C(C(=O)NCCc2cccc(F)c2)c2cccnc2)cc1,CC(C)(C#N)c1ccc(N(C(=O)c2ccco2)C(C(=O)NCCc2cccc(F)c2)c2cccnc2)cc1,N#Cc1ccccc1,CC(C)(C#N)c1ccccc1,0.16547424
processed_cluster/15697.sdf,processed_cluster/14349.sdf,CC(C)(C#N)c1ccc(N(C(=O)c2ccco2)C(C(=O)NCCc2cccc(F)c2)c2cccnc2)cc1,N#Cc1ccc(N(C(=O)c2ccco2)C(C(=O)NCCc2cccc(F)c2)c2cccnc2)cc1,CC(C)(C#N)c1ccccc1,N#Cc1ccccc1,0.15012717
processed_cluster/14348.sdf,processed_cluster/14359.sdf,CC(=O)c1ccc(N(C(=O)c2ccco2)C(C(=O)NCCc2cccc(F)c2)c2cccnc2)cc1,O=C(NCCc1cccc(F)c1)C(c1cccnc1)N(C(=O)c1ccco1)c1ccc(C2CCCC2)cc1,CC(=O)c1ccccc1,c1ccc(C2CCCC2)cc1,0.3164707
processed_cluster/14359.sdf,processed_cluster/14348.sdf,O=C(NCCc1cccc(F)c1)C(c1cccnc1)N(C(=O)c1ccco1)c1ccc(C2CCCC2)cc1,CC(=O)c1ccc(N(C(=O)c2ccco2)C(C(=O)NCCc2cccc(F)c2)c2cccnc2)cc1,c1ccc(C2CCCC2)cc1,CC(=O)c1ccccc1,0.22918528
processed_cluster/14348.sdf,processed_cluster/17333.sdf,CC(=O)c1ccc(N(C(=O)c2ccco2)C(C(=O)NCCc2cccc(F)c2)c2cccnc2)cc1,O=C(NCCc1cccc(Cl)c1)C(c1cccnc1)N(C(=O)c1ccco1)c1ccc(Cl)cc1,c1ccccc1,c1ccccc1,0.12320723
processed_cluster/17333.sdf,processed_cluster/14348.sdf,O=C(NCCc1cccc(Cl)c1)C(c1cccnc1)N(C(=O)c1ccco1)c1ccc(Cl)cc1,CC(=O)c1ccc(N(C(=O)c2ccco2)C(C(=O)NCCc2cccc(F)c2)c2cccnc2)cc1,c1ccccc1,c1ccccc1,0.12320723
processed_cluster/14348.sdf,processed_cluster/15697.sdf,CC(=O)c1ccc(N(C(=O)c2ccco2)C(C(=O)NCCc2cccc(F)c2)c2cccnc2)cc1,CC(C)(C#N)c1ccc(N(C(=O)c2ccco2)C(C(=O)NCCc2cccc(F)c2)c2cccnc2)cc1,O=Cc1ccccc1,CC(C#N)c1ccccc1,0.1905758
processed_cluster/15697.sdf,processed_cluster/14348.sdf,CC(C)(C#N)c1ccc(N(C(=O)c2ccco2)C(C(=O)NCCc2cccc(F)c2)c2cccnc2)cc1,CC(=O)c1ccc(N(C(=O)c2ccco2)C(C(=O)NCCc2cccc(F)c2)c2cccnc2)cc1,CC(C#N)c1ccccc1,O=Cc1ccccc1,0.24498385
processed_cluster/14359.sdf,processed_cluster/17333.sdf,O=C(NCCc1cccc(F)c1)C(c1cccnc1)N(C(=O)c1ccco1)c1ccc(C2CCCC2)cc1,O=C(NCCc1cccc(Cl)c1)C(c1cccnc1)N(C(=O)c1ccco1)c1ccc(Cl)cc1,Fc1ccccc12CCCC2,Clc1cccccl1,0.3687929
processed_cluster/17333.sdf,processed_cluster/14359.sdf,O=C(NCCc1cccc(Cl)c1)C(c1cccnc1)N(C(=O)c1ccco1)c1ccc(Cl)cc1,O=C(NCCc1cccc(F)c1)C(c1cccnc1)N(C(=O)c1ccco1)c1ccc(C2CCCC2)cc1,Clc1cccccl1,Fc1ccccc12CCCC2,0.52396107
processed_cluster/14359.sdf,processed_cluster/15697.sdf,O=C(NCCc1cccc(F)c1)C(c1cccnc1)N(C(=O)c1ccco1)c1ccc(C2CCCC2)cc1,CC(C)(C#N)c1ccc(N(C(=O)c2ccco2)C(C(=O)NCCc2cccc(F)c2)c2cccnc2)cc1,c1ccc(C2CCCC2)cc1,CC(C)(C#N)c1ccccc1,0.19498281
processed_cluster/15697.sdf,processed_cluster/14359.sdf,CC(C)(C#N)c1ccc(N(C(=O)c2ccco2)C(C(=O)NCCc2cccc(F)c2)c2cccnc2)cc1,O=C(NCCc1cccc(F)c1)C(c1cccnc1)N(C(=O)c1ccco1)c1ccc(C2CCCC2)cc1,CC(C)(C#N)c1ccccc1,c1ccc(C2CCCC2)cc1,0.30839434
processed_cluster/17333.sdf,processed_cluster/15697.sdf,O=C(NCCc1cccc(Cl)c1)C(c1cccnc1)N(C(=O)c1ccco1)c1ccc(Cl)cc1,CC(C)(C#N)c1ccc(N(C(=O)c2ccco2)C(C(=O)NCCc2cccc(F)c2)c2cccnc2)cc1,Clc1cccccl1,Cc1(C)(C#N)ccccc1F,1.3715855
processed_cluster/15697.sdf,processed_cluster/17333.sdf,CC(C)(C#N)c1ccc(N(C(=O)c2ccco2)C(C(=O)NCCc2cccc(F)c2)c2cccnc2)cc1,O=C(NCCc1cccc(Cl)c1)C(c1cccnc1)N(C(=O)c1ccco1)c1ccc(Cl)cc1,Cc1(C)(C#N)ccccc1F,Clc1cccccl1,1.295677
