processed_cluster/10920.sdf,processed_cluster/14366.sdf
processed_cluster/14366.sdf,processed_cluster/10920.sdf
processed_cluster/10920.sdf,processed_cluster/14330.sdf
processed_cluster/14330.sdf,processed_cluster/10920.sdf
processed_cluster/10920.sdf,processed_cluster/15696.sdf
processed_cluster/15696.sdf,processed_cluster/10920.sdf
processed_cluster/10920.sdf,processed_cluster/14372.sdf
processed_cluster/14372.sdf,processed_cluster/10920.sdf
processed_cluster/10920.sdf,processed_cluster/14393.sdf
processed_cluster/14393.sdf,processed_cluster/10920.sdf
processed_cluster/10920.sdf,processed_cluster/15694.sdf
processed_cluster/15694.sdf,processed_cluster/10920.sdf
processed_cluster/10920.sdf,processed_cluster/17334.sdf
processed_cluster/17334.sdf,processed_cluster/10920.sdf
processed_cluster/10920.sdf,processed_cluster/14392.sdf
processed_cluster/14392.sdf,processed_cluster/10920.sdf
processed_cluster/10920.sdf,processed_cluster/14391.sdf
processed_cluster/14391.sdf,processed_cluster/10920.sdf
processed_cluster/10920.sdf,processed_cluster/14336.sdf
processed_cluster/14336.sdf,processed_cluster/10920.sdf
processed_cluster/10920.sdf,processed_cluster/16393.sdf
processed_cluster/16393.sdf,processed_cluster/10920.sdf
processed_cluster/10920.sdf,processed_cluster/14347.sdf
processed_cluster/14347.sdf,processed_cluster/10920.sdf
processed_cluster/10920.sdf,processed_cluster/14349.sdf
processed_cluster/14349.sdf,processed_cluster/10920.sdf
processed_cluster/10920.sdf,processed_cluster/14348.sdf
processed_cluster/14348.sdf,processed_cluster/10920.sdf
processed_cluster/10920.sdf,processed_cluster/14359.sdf
processed_cluster/14359.sdf,processed_cluster/10920.sdf
processed_cluster/10920.sdf,processed_cluster/17333.sdf
processed_cluster/17333.sdf,processed_cluster/10920.sdf
processed_cluster/10920.sdf,processed_cluster/15697.sdf
processed_cluster/15697.sdf,processed_cluster/10920.sdf
processed_cluster/14366.sdf,processed_cluster/14330.sdf
processed_cluster/14330.sdf,processed_cluster/14366.sdf
processed_cluster/14366.sdf,processed_cluster/15696.sdf
processed_cluster/15696.sdf,processed_cluster/14366.sdf
processed_cluster/14366.sdf,processed_cluster/14372.sdf
processed_cluster/14372.sdf,processed_cluster/14366.sdf
processed_cluster/14366.sdf,processed_cluster/14393.sdf
processed_cluster/14393.sdf,processed_cluster/14366.sdf
processed_cluster/14366.sdf,processed_cluster/15694.sdf
processed_cluster/15694.sdf,processed_cluster/14366.sdf
processed_cluster/14366.sdf,processed_cluster/17334.sdf
processed_cluster/17334.sdf,processed_cluster/14366.sdf
processed_cluster/14366.sdf,processed_cluster/14392.sdf
processed_cluster/14392.sdf,processed_cluster/14366.sdf
processed_cluster/14366.sdf,processed_cluster/14391.sdf
processed_cluster/14391.sdf,processed_cluster/14366.sdf
processed_cluster/14366.sdf,processed_cluster/14336.sdf
processed_cluster/14336.sdf,processed_cluster/14366.sdf
processed_cluster/14366.sdf,processed_cluster/16393.sdf
processed_cluster/16393.sdf,processed_cluster/14366.sdf
processed_cluster/14366.sdf,processed_cluster/14347.sdf
processed_cluster/14347.sdf,processed_cluster/14366.sdf
processed_cluster/14366.sdf,processed_cluster/14349.sdf
processed_cluster/14349.sdf,processed_cluster/14366.sdf
processed_cluster/14366.sdf,processed_cluster/14348.sdf
processed_cluster/14348.sdf,processed_cluster/14366.sdf
processed_cluster/14366.sdf,processed_cluster/14359.sdf
processed_cluster/14359.sdf,processed_cluster/14366.sdf
processed_cluster/14366.sdf,processed_cluster/17333.sdf
processed_cluster/17333.sdf,processed_cluster/14366.sdf
processed_cluster/14366.sdf,processed_cluster/15697.sdf
processed_cluster/15697.sdf,processed_cluster/14366.sdf
processed_cluster/14330.sdf,processed_cluster/15696.sdf
processed_cluster/15696.sdf,processed_cluster/14330.sdf
processed_cluster/14330.sdf,processed_cluster/14372.sdf
processed_cluster/14372.sdf,processed_cluster/14330.sdf
processed_cluster/14330.sdf,processed_cluster/14393.sdf
processed_cluster/14393.sdf,processed_cluster/14330.sdf
processed_cluster/14330.sdf,processed_cluster/15694.sdf
processed_cluster/15694.sdf,processed_cluster/14330.sdf
processed_cluster/14330.sdf,processed_cluster/17334.sdf
processed_cluster/17334.sdf,processed_cluster/14330.sdf
processed_cluster/14330.sdf,processed_cluster/14392.sdf
processed_cluster/14392.sdf,processed_cluster/14330.sdf
processed_cluster/14330.sdf,processed_cluster/14391.sdf
processed_cluster/14391.sdf,processed_cluster/14330.sdf
processed_cluster/14330.sdf,processed_cluster/14336.sdf
processed_cluster/14336.sdf,processed_cluster/14330.sdf
processed_cluster/14330.sdf,processed_cluster/16393.sdf
processed_cluster/16393.sdf,processed_cluster/14330.sdf
processed_cluster/14330.sdf,processed_cluster/14347.sdf
processed_cluster/14347.sdf,processed_cluster/14330.sdf
processed_cluster/14330.sdf,processed_cluster/14349.sdf
processed_cluster/14349.sdf,processed_cluster/14330.sdf
processed_cluster/14330.sdf,processed_cluster/14348.sdf
processed_cluster/14348.sdf,processed_cluster/14330.sdf
processed_cluster/14330.sdf,processed_cluster/14359.sdf
processed_cluster/14359.sdf,processed_cluster/14330.sdf
processed_cluster/14330.sdf,processed_cluster/17333.sdf
processed_cluster/17333.sdf,processed_cluster/14330.sdf
processed_cluster/14330.sdf,processed_cluster/15697.sdf
processed_cluster/15697.sdf,processed_cluster/14330.sdf
processed_cluster/15696.sdf,processed_cluster/14372.sdf
processed_cluster/14372.sdf,processed_cluster/15696.sdf
processed_cluster/15696.sdf,processed_cluster/14393.sdf
processed_cluster/14393.sdf,processed_cluster/15696.sdf
processed_cluster/15696.sdf,processed_cluster/15694.sdf
processed_cluster/15694.sdf,processed_cluster/15696.sdf
processed_cluster/15696.sdf,processed_cluster/17334.sdf
processed_cluster/17334.sdf,processed_cluster/15696.sdf
processed_cluster/15696.sdf,processed_cluster/14392.sdf
processed_cluster/14392.sdf,processed_cluster/15696.sdf
processed_cluster/15696.sdf,processed_cluster/14391.sdf
processed_cluster/14391.sdf,processed_cluster/15696.sdf
processed_cluster/15696.sdf,processed_cluster/14336.sdf
processed_cluster/14336.sdf,processed_cluster/15696.sdf
processed_cluster/15696.sdf,processed_cluster/16393.sdf
processed_cluster/16393.sdf,processed_cluster/15696.sdf
processed_cluster/15696.sdf,processed_cluster/14347.sdf
processed_cluster/14347.sdf,processed_cluster/15696.sdf
processed_cluster/15696.sdf,processed_cluster/14349.sdf
processed_cluster/14349.sdf,processed_cluster/15696.sdf
processed_cluster/15696.sdf,processed_cluster/14348.sdf
processed_cluster/14348.sdf,processed_cluster/15696.sdf
processed_cluster/15696.sdf,processed_cluster/14359.sdf
processed_cluster/14359.sdf,processed_cluster/15696.sdf
processed_cluster/15696.sdf,processed_cluster/17333.sdf
processed_cluster/17333.sdf,processed_cluster/15696.sdf
processed_cluster/15696.sdf,processed_cluster/15697.sdf
processed_cluster/15697.sdf,processed_cluster/15696.sdf
processed_cluster/14372.sdf,processed_cluster/14393.sdf
processed_cluster/14393.sdf,processed_cluster/14372.sdf
processed_cluster/14372.sdf,processed_cluster/15694.sdf
processed_cluster/15694.sdf,processed_cluster/14372.sdf
processed_cluster/14372.sdf,processed_cluster/17334.sdf
processed_cluster/17334.sdf,processed_cluster/14372.sdf
processed_cluster/14372.sdf,processed_cluster/14392.sdf
processed_cluster/14392.sdf,processed_cluster/14372.sdf
processed_cluster/14372.sdf,processed_cluster/14391.sdf
processed_cluster/14391.sdf,processed_cluster/14372.sdf
processed_cluster/14372.sdf,processed_cluster/14336.sdf
processed_cluster/14336.sdf,processed_cluster/14372.sdf
processed_cluster/14372.sdf,processed_cluster/16393.sdf
processed_cluster/16393.sdf,processed_cluster/14372.sdf
processed_cluster/14372.sdf,processed_cluster/14347.sdf
processed_cluster/14347.sdf,processed_cluster/14372.sdf
processed_cluster/14372.sdf,processed_cluster/14349.sdf
processed_cluster/14349.sdf,processed_cluster/14372.sdf
processed_cluster/14372.sdf,processed_cluster/14348.sdf
processed_cluster/14348.sdf,processed_cluster/14372.sdf
processed_cluster/14372.sdf,processed_cluster/14359.sdf
processed_cluster/14359.sdf,processed_cluster/14372.sdf
processed_cluster/14372.sdf,processed_cluster/17333.sdf
processed_cluster/17333.sdf,processed_cluster/14372.sdf
processed_cluster/14372.sdf,processed_cluster/15697.sdf
processed_cluster/15697.sdf,processed_cluster/14372.sdf
processed_cluster/14393.sdf,processed_cluster/15694.sdf
processed_cluster/15694.sdf,processed_cluster/14393.sdf
processed_cluster/14393.sdf,processed_cluster/17334.sdf
processed_cluster/17334.sdf,processed_cluster/14393.sdf
processed_cluster/14393.sdf,processed_cluster/14392.sdf
processed_cluster/14392.sdf,processed_cluster/14393.sdf
processed_cluster/14393.sdf,processed_cluster/14391.sdf
processed_cluster/14391.sdf,processed_cluster/14393.sdf
processed_cluster/14393.sdf,processed_cluster/14336.sdf
processed_cluster/14336.sdf,processed_cluster/14393.sdf
processed_cluster/14393.sdf,processed_cluster/16393.sdf
processed_cluster/16393.sdf,processed_cluster/14393.sdf
processed_cluster/14393.sdf,processed_cluster/14347.sdf
processed_cluster/14347.sdf,processed_cluster/14393.sdf
processed_cluster/14393.sdf,processed_cluster/14349.sdf
processed_cluster/14349.sdf,processed_cluster/14393.sdf
processed_cluster/14393.sdf,processed_cluster/14348.sdf
processed_cluster/14348.sdf,processed_cluster/14393.sdf
processed_cluster/14393.sdf,processed_cluster/14359.sdf
processed_cluster/14359.sdf,processed_cluster/14393.sdf
processed_cluster/14393.sdf,processed_cluster/17333.sdf
processed_cluster/17333.sdf,processed_cluster/14393.sdf
processed_cluster/14393.sdf,processed_cluster/15697.sdf
processed_cluster/15697.sdf,processed_cluster/14393.sdf
processed_cluster/15694.sdf,processed_cluster/17334.sdf
processed_cluster/17334.sdf,processed_cluster/15694.sdf
processed_cluster/15694.sdf,processed_cluster/14392.sdf
processed_cluster/14392.sdf,processed_cluster/15694.sdf
processed_cluster/15694.sdf,processed_cluster/14391.sdf
processed_cluster/14391.sdf,processed_cluster/15694.sdf
processed_cluster/15694.sdf,processed_cluster/14336.sdf
processed_cluster/14336.sdf,processed_cluster/15694.sdf
processed_cluster/15694.sdf,processed_cluster/16393.sdf
processed_cluster/16393.sdf,processed_cluster/15694.sdf
processed_cluster/15694.sdf,processed_cluster/14347.sdf
processed_cluster/14347.sdf,processed_cluster/15694.sdf
processed_cluster/15694.sdf,processed_cluster/14349.sdf
processed_cluster/14349.sdf,processed_cluster/15694.sdf
processed_cluster/15694.sdf,processed_cluster/14348.sdf
processed_cluster/14348.sdf,processed_cluster/15694.sdf
processed_cluster/15694.sdf,processed_cluster/14359.sdf
processed_cluster/14359.sdf,processed_cluster/15694.sdf
processed_cluster/15694.sdf,processed_cluster/17333.sdf
processed_cluster/17333.sdf,processed_cluster/15694.sdf
processed_cluster/15694.sdf,processed_cluster/15697.sdf
processed_cluster/15697.sdf,processed_cluster/15694.sdf
processed_cluster/17334.sdf,processed_cluster/14392.sdf
processed_cluster/14392.sdf,processed_cluster/17334.sdf
processed_cluster/17334.sdf,processed_cluster/14391.sdf
processed_cluster/14391.sdf,processed_cluster/17334.sdf
processed_cluster/17334.sdf,processed_cluster/14336.sdf
processed_cluster/14336.sdf,processed_cluster/17334.sdf
processed_cluster/17334.sdf,processed_cluster/16393.sdf
processed_cluster/16393.sdf,processed_cluster/17334.sdf
processed_cluster/17334.sdf,processed_cluster/14347.sdf
processed_cluster/14347.sdf,processed_cluster/17334.sdf
processed_cluster/17334.sdf,processed_cluster/14349.sdf
processed_cluster/14349.sdf,processed_cluster/17334.sdf
processed_cluster/17334.sdf,processed_cluster/14348.sdf
processed_cluster/14348.sdf,processed_cluster/17334.sdf
processed_cluster/17334.sdf,processed_cluster/14359.sdf
processed_cluster/14359.sdf,processed_cluster/17334.sdf
processed_cluster/17334.sdf,processed_cluster/17333.sdf
processed_cluster/17333.sdf,processed_cluster/17334.sdf
processed_cluster/17334.sdf,processed_cluster/15697.sdf
processed_cluster/15697.sdf,processed_cluster/17334.sdf
processed_cluster/14392.sdf,processed_cluster/14391.sdf
processed_cluster/14391.sdf,processed_cluster/14392.sdf
processed_cluster/14392.sdf,processed_cluster/14336.sdf
processed_cluster/14336.sdf,processed_cluster/14392.sdf
processed_cluster/14392.sdf,processed_cluster/16393.sdf
processed_cluster/16393.sdf,processed_cluster/14392.sdf
processed_cluster/14392.sdf,processed_cluster/14347.sdf
processed_cluster/14347.sdf,processed_cluster/14392.sdf
processed_cluster/14392.sdf,processed_cluster/14349.sdf
processed_cluster/14349.sdf,processed_cluster/14392.sdf
processed_cluster/14392.sdf,processed_cluster/14348.sdf
processed_cluster/14348.sdf,processed_cluster/14392.sdf
processed_cluster/14392.sdf,processed_cluster/14359.sdf
processed_cluster/14359.sdf,processed_cluster/14392.sdf
processed_cluster/14392.sdf,processed_cluster/17333.sdf
processed_cluster/17333.sdf,processed_cluster/14392.sdf
processed_cluster/14392.sdf,processed_cluster/15697.sdf
processed_cluster/15697.sdf,processed_cluster/14392.sdf
processed_cluster/14391.sdf,processed_cluster/14336.sdf
processed_cluster/14336.sdf,processed_cluster/14391.sdf
processed_cluster/14391.sdf,processed_cluster/16393.sdf
processed_cluster/16393.sdf,processed_cluster/14391.sdf
processed_cluster/14391.sdf,processed_cluster/14347.sdf
processed_cluster/14347.sdf,processed_cluster/14391.sdf
processed_cluster/14391.sdf,processed_cluster/14349.sdf
processed_cluster/14349.sdf,processed_cluster/14391.sdf
processed_cluster/14391.sdf,processed_cluster/14348.sdf
processed_cluster/14348.sdf,processed_cluster/14391.sdf
processed_cluster/14391.sdf,processed_cluster/14359.sdf
processed_cluster/14359.sdf,processed_cluster/14391.sdf
processed_cluster/14391.sdf,processed_cluster/17333.sdf
processed_cluster/17333.sdf,processed_cluster/14391.sdf
processed_cluster/14391.sdf,processed_cluster/15697.sdf
processed_cluster/15697.sdf,processed_cluster/14391.sdf
processed_cluster/14336.sdf,processed_cluster/16393.sdf
processed_cluster/16393.sdf,processed_cluster/14336.sdf
processed_cluster/14336.sdf,processed_cluster/14347.sdf
processed_cluster/14347.sdf,processed_cluster/14336.sdf
processed_cluster/14336.sdf,processed_cluster/14349.sdf
processed_cluster/14349.sdf,processed_cluster/14336.sdf
processed_cluster/14336.sdf,processed_cluster/14348.sdf
processed_cluster/14348.sdf,processed_cluster/14336.sdf
processed_cluster/14336.sdf,processed_cluster/14359.sdf
processed_cluster/14359.sdf,processed_cluster/14336.sdf
processed_cluster/14336.sdf,processed_cluster/17333.sdf
processed_cluster/17333.sdf,processed_cluster/14336.sdf
processed_cluster/14336.sdf,processed_cluster/15697.sdf
processed_cluster/15697.sdf,processed_cluster/14336.sdf
processed_cluster/16393.sdf,processed_cluster/14347.sdf
processed_cluster/14347.sdf,processed_cluster/16393.sdf
processed_cluster/16393.sdf,processed_cluster/14349.sdf
processed_cluster/14349.sdf,processed_cluster/16393.sdf
processed_cluster/16393.sdf,processed_cluster/14348.sdf
processed_cluster/14348.sdf,processed_cluster/16393.sdf
processed_cluster/16393.sdf,processed_cluster/14359.sdf
processed_cluster/14359.sdf,processed_cluster/16393.sdf
processed_cluster/16393.sdf,processed_cluster/17333.sdf
processed_cluster/17333.sdf,processed_cluster/16393.sdf
processed_cluster/16393.sdf,processed_cluster/15697.sdf
processed_cluster/15697.sdf,processed_cluster/16393.sdf
processed_cluster/14347.sdf,processed_cluster/14349.sdf
processed_cluster/14349.sdf,processed_cluster/14347.sdf
processed_cluster/14347.sdf,processed_cluster/14348.sdf
processed_cluster/14348.sdf,processed_cluster/14347.sdf
processed_cluster/14347.sdf,processed_cluster/14359.sdf
processed_cluster/14359.sdf,processed_cluster/14347.sdf
processed_cluster/14347.sdf,processed_cluster/17333.sdf
processed_cluster/17333.sdf,processed_cluster/14347.sdf
processed_cluster/14347.sdf,processed_cluster/15697.sdf
processed_cluster/15697.sdf,processed_cluster/14347.sdf
processed_cluster/14349.sdf,processed_cluster/14348.sdf
processed_cluster/14348.sdf,processed_cluster/14349.sdf
processed_cluster/14349.sdf,processed_cluster/14359.sdf
processed_cluster/14359.sdf,processed_cluster/14349.sdf
processed_cluster/14349.sdf,processed_cluster/17333.sdf
processed_cluster/17333.sdf,processed_cluster/14349.sdf
processed_cluster/14349.sdf,processed_cluster/15697.sdf
processed_cluster/15697.sdf,processed_cluster/14349.sdf
processed_cluster/14348.sdf,processed_cluster/14359.sdf
processed_cluster/14359.sdf,processed_cluster/14348.sdf
processed_cluster/14348.sdf,processed_cluster/17333.sdf
processed_cluster/17333.sdf,processed_cluster/14348.sdf
processed_cluster/14348.sdf,processed_cluster/15697.sdf
processed_cluster/15697.sdf,processed_cluster/14348.sdf
processed_cluster/14359.sdf,processed_cluster/17333.sdf
processed_cluster/17333.sdf,processed_cluster/14359.sdf
processed_cluster/14359.sdf,processed_cluster/15697.sdf
processed_cluster/15697.sdf,processed_cluster/14359.sdf
processed_cluster/17333.sdf,processed_cluster/15697.sdf
processed_cluster/15697.sdf,processed_cluster/17333.sdf
